date,sales,promo,is_holiday,day_of_week,is_weekend,month,day_of_year,week_of_year,sales_lag_1,sales_lag_7,sales_lag_14,sales_lag_30,sales_rolling_mean7,sales_rolling_std7,sales_rolling_mean30,sales_rolling_std30
2023-01-31,246.7,0,0,1,0,1,31,5,245.2,217.7,252.0,380.2,255.4857142857143,28.632291127992072,261.9216666666667,38.3458303342487
2023-02-01,245.6,0,0,2,0,2,32,5,246.7,273.2,251.2,236.7,259.62857142857143,23.972672934386065,257.4716666666667,31.233016580417647
2023-02-02,266.1,0,0,3,0,2,33,5,245.6,237.4,317.7,232.4,255.68571428571428,23.635878699654054,257.7683333333333,31.070760407477167
2023-02-03,250.2,0,0,4,0,2,34,5,266.1,235.8,236.4,235.2,259.7857142857143,22.391771447820453,258.89166666666665,30.729285378691408
2023-02-04,279.5,0,0,5,1,2,35,5,250.2,285.3,285.3,345.8,261.84285714285716,20.393206151629418,259.39166666666665,30.45127844927701
2023-02-05,274.5,0,0,6,1,2,36,5,279.5,293.8,260.8,223.9,261.0142857142857,19.373644345814082,257.1816666666667,26.052038385181852
2023-02-06,251.1,0,0,0,0,2,37,6,274.5,245.2,236.3,273.5,258.25714285714287,14.752271818588556,258.86833333333334,25.45412534593237
2023-02-07,222.1,0,0,1,0,2,38,6,251.1,246.7,217.7,283.9,259.09999999999997,14.03293744493047,258.12166666666667,25.338398295095914
2023-02-08,231.6,0,0,2,0,2,39,6,222.1,245.6,273.2,240.5,255.58571428571426,19.62281228327785,256.06166666666667,25.680214050473978
2023-02-09,223.4,0,0,3,0,2,40,6,231.6,266.1,237.4,255.3,253.58571428571426,21.43956067424797,255.76500000000001,25.916507686986982
2023-02-10,226.3,0,0,4,0,2,41,6,223.4,250.2,235.8,221.1,247.4857142857143,23.280995724082764,254.70166666666668,26.582112482325194
2023-02-11,258.75,0,0,5,1,2,42,6,226.3,279.5,285.3,225.05,244.07142857142858,24.535329240757683,254.875,26.37157152091545
2023-02-12,291.2,0,0,6,1,2,43,6,258.75,274.5,293.8,229.0,241.10714285714286,20.45589622764519,255.99833333333333,25.768172306607013
2023-02-13,258.2,0,0,0,0,2,44,7,291.2,251.1,245.2,288.6,243.4928571428571,25.380544198450938,258.07166666666666,26.022038681210905
2023-02-14,242.7,0,0,1,0,2,45,7,258.2,222.1,246.7,256.6,244.50714285714284,25.872321577499026,257.05833333333334,25.376122646588716
2023-02-15,227.0,0,0,2,0,2,46,7,242.7,231.6,245.6,301.8,247.45,24.00286441239874,256.595,25.511317130327434
2023-02-16,228.5,0,0,3,0,2,47,7,227.0,223.4,266.1,252.0,246.79285714285714,24.565497969228883,254.10166666666663,24.579120952174225
2023-02-17,232.15,1,0,4,0,2,48,7,228.5,226.3,250.2,251.2,247.52142857142857,23.820401919762933,253.3183333333333,25.01894621162592
2023-02-18,235.8,0,0,5,1,2,49,7,232.15,258.75,279.5,317.7,248.35714285714286,23.04167290966931,252.68333333333334,25.314570335369492
2023-02-19,230.35,0,0,6,1,2,50,7,235.8,291.2,274.5,236.4,245.07857142857142,22.948998836965544,249.95333333333335,22.297587364978586
2023-02-20,224.9,0,0,0,0,2,51,8,230.35,258.2,251.1,285.3,236.38571428571427,10.959954162225966,249.75166666666664,22.451224846908442
2023-02-21,227.8,0,0,1,0,2,52,8,224.9,242.7,222.1,260.8,231.62857142857143,6.032816999742373,247.73833333333334,21.85373274883433
2023-02-22,255.1,0,0,2,0,2,53,8,227.8,227.0,231.6,236.3,229.5,3.6224991373359896,246.63833333333335,22.003615233259655
2023-02-23,244.6,0,0,3,0,2,54,8,255.1,228.5,223.4,217.7,233.5142857142857,10.124586999219328,247.265,21.966707371807537
2023-02-24,240.5,0,0,4,0,2,55,8,244.6,232.15,226.3,273.2,235.81428571428572,10.612599205885457,248.1616666666667,21.25578494617791
2023-02-25,250.3,0,0,5,1,2,56,8,240.5,235.8,258.75,237.4,237.00714285714284,10.601353237968683,247.0716666666667,20.760193521676868
2023-02-26,273.8,0,0,6,1,2,57,8,250.3,230.35,291.2,235.8,239.07857142857142,11.68716736221311,247.50166666666667,20.68642518130216
2023-02-27,219.6,0,0,0,0,2,58,9,273.8,224.9,258.2,285.3,245.28571428571428,16.729358283312195,248.76833333333332,21.104385405250156
2023-02-28,218.2,0,0,1,0,2,59,9,219.6,227.8,242.7,293.8,244.52857142857144,17.885721892589228,246.57833333333335,20.58523358997964
2023-03-01,211.6,0,0,2,0,3,60,9,218.2,255.1,227.0,245.2,243.15714285714287,19.66204949836585,244.05833333333334,19.18488576859469
2023-03-02,290.3,1,0,3,0,3,61,9,211.6,244.6,228.5,246.7,236.94285714285712,21.99423084529644,242.93833333333336,20.076013665881188
2023-03-03,261.6,0,0,4,0,3,62,9,290.3,240.5,232.15,245.6,243.47142857142856,29.979087949530964,244.39166666666668,21.856866211209617
2023-03-04,238.5,0,0,5,1,3,63,9,261.6,250.3,235.8,266.1,246.4857142857143,30.683026174712516,244.925,22.08142357823388
2023-03-05,258.5,0,0,6,1,3,64,9,238.5,273.8,230.35,250.2,244.8,30.762585500355218,244.005,21.74110737750044
2023-03-06,221.4,0,0,0,0,3,65,10,258.5,219.6,224.9,279.5,242.61428571428573,28.842296982697025,244.28166666666667,21.875058554929932
2023-03-07,243.7,0,0,1,0,3,66,10,221.4,218.2,227.8,274.5,242.87142857142857,28.610004910037667,242.345,21.21137199061255
2023-03-08,262.6,1,0,2,0,3,67,10,243.7,211.6,255.1,251.1,246.5142857142857,26.489962159997383,241.31833333333333,20.328354086965884
2023-03-09,243.7,1,0,3,0,3,68,10,262.6,290.3,244.6,222.1,253.79999999999998,21.903120021281527,241.70166666666665,20.62542573576638
2023-03-10,224.8,0,0,4,0,3,69,10,243.7,261.6,240.5,231.6,247.14285714285714,14.93328018698019,242.42166666666668,20.29188169302401
2023-03-11,243.4,0,0,5,1,3,70,10,224.8,238.5,250.3,223.4,241.88571428571427,15.463659395652787,242.195,20.454260790426122
2023-03-12,259.4,0,0,6,1,3,71,10,243.4,258.5,273.8,226.3,242.58571428571426,15.395608526614353,242.86166666666668,20.144130159554226
2023-03-13,213.3,0,0,0,0,3,72,11,259.4,221.4,219.6,258.75,242.71428571428572,15.553609288675103,243.965,20.11218600406414
2023-03-14,230.4,0,0,1,0,3,73,11,213.3,243.7,218.2,291.2,241.55714285714288,17.57373581445303,242.45,20.664303721051596
2023-03-15,241.2,0,0,2,0,3,74,11,230.4,262.6,211.6,258.2,239.65714285714284,18.01683075560709,240.42333333333332,18.59626275641836
2023-03-16,213.9,0,0,3,0,3,75,11,241.2,243.7,290.3,242.7,236.6,15.04559736268386,239.85666666666668,18.292422273818296
2023-03-17,226.6,0,0,4,0,3,76,11,213.9,224.8,261.6,227.0,232.34285714285716,16.8138689918826,238.89666666666665,18.8842067444683
2023-03-18,244.7,0,0,5,1,3,77,11,226.6,243.4,238.5,228.5,232.59999999999997,16.69261313675405,238.88333333333333,18.893035267240712
2023-03-19,253.4,0,0,6,1,3,78,11,244.7,259.4,258.5,232.15,232.78571428571428,16.839381280342884,239.42333333333332,18.8173880215621
2023-03-20,219.6,0,0,0,0,3,79,12,253.4,213.3,221.4,235.8,231.92857142857142,15.345326572577349,240.13166666666666,18.933752398430247
2023-03-21,236.8,0,0,1,0,3,80,12,219.6,230.4,243.7,230.35,232.82857142857142,14.21369225848964,239.59166666666667,19.289232673345058
2023-03-22,241.1,0,0,2,0,3,81,12,236.8,241.2,262.6,224.9,233.74285714285716,14.237258296790301,239.8066666666667,19.218488464251823
2023-03-23,226.8,0,0,3,0,3,82,12,241.1,213.9,243.7,227.8,233.72857142857143,14.228576209599522,240.34666666666666,19.01167941090408
2023-03-24,212.5,0,0,4,0,3,83,12,226.8,226.6,224.8,255.1,235.57142857142858,11.8727579337061,240.31333333333333,19.03529812513188
2023-03-25,257.3,0,0,5,1,3,84,12,212.5,244.7,243.4,244.6,233.55714285714288,14.544054586308604,238.89333333333335,19.477997017560558
2023-03-26,271.0,0,0,6,1,3,85,12,257.3,253.4,259.4,240.5,235.35714285714286,16.763338683255316,239.31666666666666,19.74251640553945
2023-03-27,243.1,0,0,0,0,3,86,13,271.0,219.6,213.3,250.3,237.87142857142857,20.763245915616874,240.33333333333334,20.573389798866337
2023-03-28,198.6,0,0,1,0,3,87,13,243.1,236.8,230.4,273.8,241.22857142857143,19.15408696907912,240.0933333333333,20.494960412229545
2023-03-29,203.0,0,0,2,0,3,88,13,198.6,241.1,241.2,219.6,235.77142857142857,25.134286959298866,237.58666666666667,20.826305205334762
2023-03-30,295.4,1,0,3,0,3,89,13,203.0,226.8,213.9,218.2,230.32857142857145,27.77467157235855,237.03333333333333,21.529327765236783
2023-03-31,226.0,0,0,4,0,3,90,13,295.4,212.5,226.6,211.6,240.1285714285714,36.919178136650245,239.60666666666665,23.704472636793916
2023-04-01,281.8,0,0,5,1,4,91,13,226.0,257.3,244.7,290.3,242.05714285714285,35.56308278457952,240.08666666666664,23.25941757110723
2023-04-02,244.1,1,0,6,1,4,92,13,281.8,271.0,253.4,261.6,245.55714285714288,38.40528857431212,239.8033333333333,22.670982263272467
2023-04-03,206.4,0,0,0,0,4,93,14,244.1,243.1,219.6,238.5,241.71428571428572,36.74508713517261,239.22,22.313122781804157
2023-04-04,287.8,1,0,1,0,4,94,14,206.4,198.6,236.8,258.5,236.4714285714286,39.059728377862285,238.15,23.10446665280008
2023-04-05,231.5,0,0,2,0,4,95,14,287.8,203.0,241.1,221.4,249.21428571428572,39.19542611799783,239.12666666666667,24.56733089137773
2023-04-06,201.0,0,0,3,0,4,96,14,231.5,295.4,226.8,243.7,253.28571428571428,34.832189546042414,239.4633333333333,24.384555362562807
2023-04-07,226.5,0,0,4,0,4,97,14,201.0,226.0,212.5,262.6,239.8,34.075455487295635,238.04,25.35560333909768
2023-04-08,266.6,0,0,5,1,4,98,14,226.5,281.8,257.3,243.7,239.8714285714286,34.04221468929982,236.83666666666667,25.004020136540294
2023-04-09,257.7,0,0,6,1,4,99,14,266.6,244.1,271.0,224.8,237.70000000000002,31.29600613496872,237.6,25.564050728614564
2023-04-10,199.7,0,0,0,0,4,100,15,257.7,206.4,243.1,243.4,239.64285714285714,32.169491610471404,238.6966666666667,25.70132806622689
2023-04-11,230.0,0,0,1,0,4,101,15,199.7,287.8,198.6,259.4,238.68571428571428,33.399572281264746,237.23999999999998,26.6465705886881
2023-04-12,206.5,0,0,2,0,4,102,15,230.0,231.5,203.0,213.3,230.42857142857142,25.426869927022377,236.26000000000002,26.3423691757805
2023-04-13,214.1,0,0,3,0,4,103,15,206.5,201.0,295.4,230.4,226.85714285714286,26.96076514386894,236.03333333333333,26.57497310256976
2023-04-14,212.3,0,0,4,0,4,104,15,214.1,226.5,226.0,241.2,228.72857142857143,25.26834081650492,235.49000000000004,26.859228812715397
2023-04-15,269.1,0,0,5,1,4,105,15,212.3,266.6,281.8,213.9,226.7,26.035424585232608,234.52666666666664,27.163907764853708
2023-04-16,235.0,0,0,6,1,4,106,15,269.1,257.7,244.1,226.6,227.05714285714288,26.683069360105332,236.36666666666667,27.584820080083578
2023-04-17,215.4,0,0,0,0,4,107,16,235.0,199.7,206.4,244.7,223.81428571428572,23.53156947389536,236.64666666666665,27.524831839924094
2023-04-18,214.3,0,0,1,0,4,108,16,215.4,230.0,287.8,253.4,226.05714285714288,21.51161369608346,235.67,27.748142528701106
2023-04-19,213.5,0,0,2,0,4,109,16,214.3,206.5,231.5,219.6,223.81428571428572,21.847839601161876,234.36666666666667,27.804853624097348
2023-04-20,195.3,0,0,3,0,4,110,16,213.5,214.1,201.0,236.8,224.81428571428572,21.069601212127793,234.16333333333333,27.938546889537022
2023-04-21,188.0,0,0,4,0,4,111,16,195.3,212.3,226.5,241.1,222.12857142857143,23.69730746208064,232.78,28.817085449314828
2023-04-22,244.1,0,0,5,1,4,112,16,188.0,269.1,266.6,226.8,218.65714285714287,26.93565525116339,231.01000000000002,29.89887957766996
2023-04-23,263.6,0,0,6,1,4,113,16,244.1,235.0,257.7,212.5,215.08571428571426,19.860969141461783,231.58666666666667,29.98160048790093
2023-04-24,202.9,0,0,0,0,4,114,17,263.6,215.4,199.7,257.3,219.17142857142858,26.479407992231422,233.29,30.30961324683016
2023-04-25,223.2,0,0,1,0,4,115,17,202.9,214.3,230.0,271.0,217.3857142857143,27.18813641838594,231.47666666666666,30.450600847175945
2023-04-26,251.0,1,0,2,0,4,116,17,223.2,213.5,206.5,243.1,218.65714285714284,27.227856883643856,229.88333333333333,29.548429952261227
2023-04-27,210.7,0,0,3,0,4,117,17,251.0,195.3,214.1,198.6,224.0142857142857,29.62743259050238,230.14666666666668,29.705064392704532
2023-04-28,208.5,0,0,4,0,4,118,17,210.7,188.0,212.3,203.0,226.21428571428572,27.645338882074903,230.55,29.341881917879235
2023-04-29,229.7,0,0,5,1,4,119,17,208.5,244.1,269.1,295.4,229.14285714285714,23.731193054912424,230.73333333333332,29.180547764154493
2023-04-30,228.1,0,0,6,1,4,120,17,229.7,263.6,235.0,226.0,227.08571428571432,22.825382696421446,228.54333333333335,26.502461607638995
2023-05-01,192.5,0,0,0,0,5,121,18,228.1,202.9,215.4,281.8,222.0142857142857,16.39963704592563,228.61333333333334,26.49828534899556
2023-05-02,191.9,0,0,1,0,5,122,18,192.5,223.2,214.3,244.1,220.5285714285714,18.725981441632975,225.63666666666668,25.306500232608244
2023-05-03,183.4,0,0,2,0,5,123,18,191.9,251.0,213.5,206.4,216.05714285714288,21.511536218415305,223.89666666666665,25.783307662575062
2023-05-04,219.3,0,0,3,0,5,124,18,183.4,210.7,195.3,287.8,206.40000000000003,18.116015014345898,223.13000000000002,26.648932824592976
2023-05-05,264.3,1,0,4,0,5,125,18,219.3,208.5,188.0,231.5,207.62857142857143,18.73719245117546,220.84666666666666,23.68678859666298
2023-05-06,242.4,0,0,5,1,5,126,18,264.3,229.7,244.1,201.0,215.6,28.49730981455389,221.94,24.9203503600768
2023-05-07,213.4,0,0,6,1,5,127,18,242.4,228.1,263.6,226.5,217.41428571428574,29.913677394096794,223.32000000000002,24.867017346761788
2023-05-08,202.0,0,0,0,0,5,128,19,213.4,192.5,202.9,266.6,215.31428571428572,29.552294246607968,222.88333333333333,24.924203488582016
2023-05-09,236.1,1,0,1,0,5,129,19,202.0,191.9,223.2,257.7,216.67142857142858,28.530434877262508,220.73,23.781420595020315
2023-05-10,176.5,0,0,2,0,5,130,19,236.1,183.4,251.0,199.7,222.9857142857143,26.98353995626646,220.01000000000002,22.935461926743894
2023-05-11,207.4,0,0,3,0,5,131,19,176.5,219.3,210.7,230.0,222.0,28.739519828974185,219.23666666666668,24.009846878446613
2023-05-12,237.6,1,0,4,0,5,132,19,207.4,264.3,208.5,206.5,220.29999999999998,29.27285431931777,218.48333333333332,24.015039588491163
2023-05-13,274.1,1,0,5,1,5,133,19,237.6,242.4,229.7,214.1,216.4857142857143,23.814731335277134,219.52,24.15078209628178
2023-05-14,221.0,0,0,6,1,5,134,19,274.1,213.4,228.1,212.3,221.0142857142857,31.37713756710071,221.51999999999998,26.092770831308563
2023-05-15,181.7,0,0,0,0,5,135,20,221.0,202.0,192.5,269.1,222.1,31.20074785428495,221.81,26.035047333453935
2023-05-16,174.7,0,0,1,0,5,136,20,181.7,236.1,191.9,235.0,219.20000000000002,34.18137894624306,218.89666666666665,25.444144144859415
2023-05-17,167.2,0,0,2,0,5,137,20,174.7,176.5,183.4,215.4,210.42857142857142,36.892353059756424,216.88666666666668,26.488484594101852
2023-05-18,173.1,0,0,3,0,5,138,20,167.2,207.4,219.3,214.3,209.09999999999997,38.4523081231804,215.28000000000003,28.000411327028335
2023-05-19,187.4,0,0,4,0,5,139,20,173.1,237.6,264.3,213.5,204.20000000000002,40.817724908018505,213.90666666666667,29.041159059862757
2023-05-20,242.7,0,0,5,1,5,140,20,187.4,274.1,242.4,195.3,197.0285714285714,38.30403435173713,213.0366666666667,29.441941504259685
2023-05-21,259.4,0,0,6,1,5,141,20,242.7,221.0,213.4,188.0,192.54285714285714,28.308470884340167,214.61666666666667,29.72775416704246
2023-05-22,206.6,0,0,0,0,5,142,21,259.4,181.7,202.0,244.1,198.0285714285714,37.09814524949178,216.99666666666664,30.37445028119973
2023-05-23,186.1,0,0,1,0,5,143,21,206.6,174.7,236.1,263.6,201.58571428571426,36.459814799832735,215.74666666666664,29.989788300334304
2023-05-24,178.7,0,0,2,0,5,144,21,186.1,167.2,176.5,202.9,203.21428571428572,35.29473183405849,213.16333333333336,29.048716314843396
2023-05-25,180.0,0,0,3,0,5,145,21,178.7,173.1,207.4,223.2,204.85714285714286,33.56420996353402,212.35666666666665,29.672856321878925
2023-05-26,192.0,0,0,4,0,5,146,21,180.0,187.4,237.6,251.0,205.84285714285713,32.56249668677444,210.91666666666666,30.172516420187048
2023-05-27,203.6,0,0,5,1,5,147,21,192.0,242.7,274.1,210.7,206.5,32.17234837558498,208.95,29.382245988187595
2023-05-28,185.3,0,0,6,1,5,148,21,203.6,259.4,221.0,208.5,200.91428571428568,27.958089382230142,208.7133333333333,29.396255137210513
2023-05-29,206.8,0,0,0,0,5,149,22,185.3,206.6,181.7,229.7,190.32857142857145,11.020846048242397,207.94,29.705596825491362
2023-05-30,194.9,0,0,1,0,5,150,22,206.8,186.1,174.7,228.1,190.35714285714286,11.070208842182536,207.17666666666668,29.420010587838476
2023-05-31,178.3,0,0,2,0,5,151,22,194.9,178.7,167.2,192.5,191.61428571428573,11.005669534597796,206.07,29.22962774191723
2023-06-01,217.6,0,0,3,0,6,152,22,178.3,180.0,173.1,191.9,191.55714285714288,11.08465262466695,205.59666666666666,29.569946104849453
2023-06-02,182.7,0,0,4,0,6,153,22,217.6,192.0,187.4,183.4,196.92857142857142,13.415875457297759,206.45333333333335,29.53170982279038
2023-06-03,217.2,0,0,5,1,6,154,22,182.7,203.6,242.7,219.3,195.6,14.40902494966299,206.42999999999998,29.550822965377076
2023-06-04,242.4,0,0,6,1,6,155,22,217.2,185.3,259.4,264.3,197.54285714285717,16.441092536979824,206.36,29.52175819453466
2023-06-05,160.6,0,0,0,0,6,156,23,242.4,206.8,206.6,242.4,205.7,22.428999086004872,205.63000000000002,28.28448033084981
2023-06-06,216.75,0,0,1,0,6,157,23,160.6,194.9,186.1,213.4,199.1,28.125433329995285,202.9033333333333,28.55905537090094
2023-06-07,272.9,1,0,2,0,6,158,23,216.75,178.3,178.7,202.0,202.2214285714286,28.78633728499899,203.015,28.60802018605171
2023-06-08,226.3,1,0,3,0,6,159,23,272.9,217.6,180.0,236.1,215.73571428571427,36.78018844302957,205.37833333333336,31.321177377277404
2023-06-09,182.6,0,0,4,0,6,160,23,226.3,182.7,192.0,176.5,216.97857142857143,37.000020913765056,205.05166666666665,31.039553418772073
2023-06-10,208.5,0,0,5,1,6,161,23,182.6,217.2,203.6,207.4,216.96428571428572,37.015477779411405,205.255,30.865560402583665
2023-06-11,240.9,0,0,6,1,6,162,23,208.5,242.4,185.3,237.6,215.72142857142856,37.152050831042764,205.29166666666666,30.868849613110058
2023-06-12,273.8,1,0,0,0,6,163,24,240.9,160.6,206.8,274.1,215.50714285714284,36.97643876591591,205.40166666666664,30.99357687443138
2023-06-13,198.9,0,0,1,0,6,164,24,273.8,216.75,194.9,221.0,231.67857142857142,33.55641837690241,205.39166666666668,30.97068715162293
2023-06-14,200.0,0,0,2,0,6,165,24,198.9,272.9,178.3,181.7,229.1285714285714,35.501770579588204,204.65500000000003,30.8492227309453
2023-06-15,282.7,1,0,3,0,6,166,24,200.0,226.3,217.6,174.7,218.71428571428572,30.918140768348824,205.26500000000001,30.55923346551781
2023-06-16,170.0,0,0,4,0,6,167,24,282.7,182.6,182.7,167.2,226.77142857142857,39.40768597984048,208.86499999999998,33.09093831059923
2023-06-17,280.0,1,0,5,1,6,168,24,170.0,208.5,217.2,173.1,224.97142857142856,41.9662449390664,208.95833333333334,32.97310838299603
2023-06-18,221.9,0,0,6,1,6,169,24,280.0,240.9,242.4,187.4,235.18571428571428,45.81395088003318,212.52166666666668,34.695586729521764
2023-06-19,190.8,0,0,0,0,6,170,25,221.9,273.8,160.6,242.7,232.4714285714286,45.98150767013894,213.67166666666665,34.404745270477676
2023-06-20,186.8,0,0,1,0,6,171,25,190.8,198.9,216.75,259.4,220.6142857142857,44.21558656444691,211.94166666666666,34.19900705186267
2023-06-21,193.2,0,0,2,0,6,172,25,186.8,200.0,272.9,206.6,218.8857142857143,45.425926098482186,209.52166666666668,33.28130282630344
2023-06-22,201.8,1,0,3,0,6,173,25,193.2,282.7,226.3,186.1,217.91428571428574,45.96659760345657,209.075,33.41153205313926
2023-06-23,181.9,0,0,4,0,6,174,25,201.8,170.0,182.6,178.7,206.35714285714286,36.067245396289955,209.59833333333333,33.161279048929046
2023-06-24,192.3,0,0,5,1,6,175,25,181.9,280.0,208.5,180.0,208.05714285714288,34.30538622154736,209.70499999999998,33.06346652977479
2023-06-25,240.4,0,0,6,1,6,176,25,192.3,221.9,240.9,192.0,195.52857142857144,13.133381677455615,210.11499999999998,32.75725544795808
2023-06-26,179.5,0,0,0,0,6,177,26,240.4,190.8,273.8,203.6,198.17142857142858,19.59597869340525,211.72833333333332,33.0250889041416
2023-06-27,213.0,0,0,1,0,6,178,26,179.5,186.8,198.9,185.3,196.55714285714288,20.73667099149562,210.925,33.51904952462858
2023-06-28,191.2,0,0,2,0,6,179,26,213.0,193.2,200.0,206.8,200.3,21.04423911668015,211.84833333333333,33.16851561588096
2023-06-29,186.0,0,0,3,0,6,180,26,191.2,201.8,282.7,194.9,200.0142857142857,21.16990226488476,211.32833333333335,33.37205025924789
2023-06-30,215.3,0,0,4,0,6,181,26,186.0,181.9,170.0,178.3,197.75714285714284,21.781250128100297,211.0316666666667,33.56214637862499
2023-07-01,244.6,0,0,5,1,7,182,26,215.3,192.3,280.0,217.6,202.52857142857144,21.383304568885617,212.265,32.99286012102523
2023-07-02,222.9,0,0,6,1,7,183,26,244.6,240.4,221.9,182.7,210.0,25.878240537821352,213.165,33.50765519842549
2023-07-03,155.7,0,0,0,0,7,184,27,222.9,179.5,190.8,217.2,207.5,23.153833375923043,214.505,33.047985879470374
2023-07-04,183.8,0,0,1,0,7,185,27,155.7,213.0,186.8,242.4,204.09999999999997,28.968143422272384,212.455,34.7392264371027
2023-07-05,201.7,0,0,2,0,7,186,27,183.8,191.2,193.2,160.6,199.92857142857142,29.569111940543493,210.50166666666664,34.64476992755694
2023-07-06,184.5,0,0,3,0,7,187,27,201.7,186.0,201.8,216.75,201.42857142857142,29.317782674554213,211.8716666666667,33.393437522067856
2023-07-07,178.7,0,0,4,0,7,188,27,184.5,215.3,181.9,272.9,201.21428571428572,29.454508911847533,210.79666666666668,33.74819007492629
2023-07-08,263.8,1,0,5,1,7,189,27,178.7,244.6,192.3,226.3,195.98571428571427,29.784024161253086,207.65666666666667,32.11340555113979
2023-07-09,222.4,0,0,6,1,7,190,27,263.8,222.9,240.4,182.6,198.72857142857143,35.367815609002385,208.9066666666667,33.561307086187135
2023-07-10,181.6,0,0,0,0,7,191,28,222.4,155.7,179.5,208.5,198.65714285714284,35.3113228838787,210.23333333333332,33.2709393059299
2023-07-11,179.9,0,0,1,0,7,192,28,181.6,183.8,213.0,240.9,202.35714285714286,31.17460810461298,209.33666666666667,33.67924238779894
2023-07-12,185.4,0,0,2,0,7,193,28,179.9,201.7,191.2,273.8,201.79999999999998,31.593564745582988,207.30333333333334,33.54908378761674
2023-07-13,171.8,0,0,3,0,7,194,28,185.4,184.5,186.0,198.9,199.4714285714286,32.19708652894533,204.35666666666665,31.314948323536658
2023-07-14,182.2,0,0,4,0,7,195,28,171.8,178.7,215.3,200.0,197.65714285714287,33.51227919946462,203.45333333333332,31.863845400048405
2023-07-15,235.7,0,0,5,1,7,196,28,182.2,263.8,244.6,282.7,198.15714285714287,33.207020198689946,202.85999999999999,32.095252629934784
2023-07-16,269.4,1,0,6,1,7,197,28,235.7,222.4,222.9,170.0,194.14285714285714,24.508220195331806,201.29333333333335,29.067969495214815
2023-07-17,193.0,0,0,0,0,7,198,29,269.4,181.6,155.7,280.0,200.85714285714286,36.863525656257224,204.60666666666665,30.980170892133103
2023-07-18,190.8,0,0,1,0,7,199,29,193.0,179.9,183.8,221.9,202.4857142857143,36.115205872846765,201.70666666666665,27.56285523137567
2023-07-19,202.5,0,0,2,0,7,200,29,190.8,185.4,201.7,190.8,204.04285714285714,35.202549961750414,200.67000000000002,27.36128840987395
2023-07-20,207.4,0,0,3,0,7,201,29,202.5,171.8,184.5,186.8,206.48571428571427,34.274306633951106,201.06,27.29906654966036
2023-07-21,211.2,0,0,4,0,7,202,29,207.4,182.2,178.7,193.2,211.57142857142858,30.727442364858863,201.74666666666664,27.186859571001563
2023-07-22,215.0,0,0,5,1,7,203,29,211.2,235.7,263.8,201.8,215.71428571428572,27.935546565348783,202.34666666666666,27.190360022643045
2023-07-23,302.4,1,0,6,1,7,204,29,215.0,269.4,222.4,181.9,212.7571428571429,26.52746106351302,202.78666666666666,27.287836539171277
2023-07-24,189.7,0,0,0,0,7,205,30,302.4,193.0,181.6,192.3,217.47142857142856,38.501286311226735,206.80333333333334,32.48167104726927
2023-07-25,207.7,0,0,1,0,7,206,30,189.7,190.8,179.9,240.4,217.0,38.86931094492597,206.71666666666667,32.525142352609215
2023-07-26,182.9,0,0,2,0,7,207,30,207.7,202.5,185.4,179.5,219.41428571428574,37.47040737130351,205.62666666666667,31.89931285967714
2023-07-27,211.6,0,0,3,0,7,208,30,182.9,207.4,171.8,213.0,216.6142857142857,39.61588185612058,205.74000000000004,31.809200577495393
2023-07-28,218.8,0,0,4,0,7,209,30,211.6,211.2,182.2,191.2,217.21428571428572,39.48465645333771,205.69333333333333,31.799207681881402
2023-07-29,225.8,0,0,5,1,7,210,30,218.8,215.0,235.7,186.0,218.29999999999998,39.396108098812775,206.61333333333332,31.764670608249617
2023-07-30,287.3,1,0,6,1,7,211,30,225.8,302.4,269.4,215.3,219.84285714285713,39.45676355805425,207.94,31.705135013226453
2023-07-31,281.0,1,0,0,0,7,212,31,287.3,189.7,193.0,244.6,217.68571428571428,34.26180714106361,210.34000000000003,34.85056374154467
2023-08-01,220.5,0,0,1,0,8,213,31,281.0,207.7,190.8,222.9,230.72857142857143,38.89711704337121,211.55333333333334,36.67058140021649
2023-08-02,186.7,0,0,2,0,8,214,31,220.5,182.9,202.5,155.7,232.55714285714288,37.922766123744125,211.47333333333336,36.64758479442249
2023-08-03,211.8,0,0,3,0,8,215,31,186.7,211.6,207.4,183.8,233.1,37.11199267083357,212.50666666666666,35.437822511658844
2023-08-04,290.8,1,0,4,0,8,216,31,211.8,218.8,211.2,201.7,233.1285714285714,37.092753752618385,213.44000000000003,35.02197930561287
2023-08-05,235.2,0,0,5,1,8,217,31,290.8,225.8,215.0,184.5,243.41428571428574,42.101758814069726,216.40999999999997,37.669958303941684
2023-08-06,257.7,0,0,6,1,8,218,31,235.2,287.3,302.4,178.7,244.75714285714284,41.59314274985152,218.1,37.324707542102225
2023-08-07,193.5,0,0,0,0,8,219,32,257.7,281.0,189.7,263.8,240.52857142857144,37.88666054984327,220.73333333333332,37.235803435286265
2023-08-08,222.5,0,0,1,0,8,220,32,193.5,220.5,207.7,222.4,228.02857142857144,36.725091980175975,218.39,36.6393546660533
2023-08-09,196.2,0,0,2,0,8,221,32,222.5,186.7,182.9,181.6,228.31428571428572,36.66448911282914,218.39333333333335,36.639736610005656
2023-08-10,222.3,0,0,3,0,8,222,32,196.2,211.8,211.6,179.9,229.67142857142858,35.00570021609412,218.88,36.22883591456054
2023-08-11,201.8,0,0,4,0,8,223,32,222.3,290.8,218.8,185.4,231.17142857142858,34.33073036827285,220.29333333333335,35.47493465118378
2023-08-12,234.3,0,0,5,1,8,224,32,201.8,235.2,225.8,171.8,218.45714285714286,23.263480474974696,220.84000000000003,35.04241370997013
2023-08-13,322.9,1,0,6,1,8,225,32,234.3,257.7,287.3,182.2,218.32857142857145,23.157771502292402,222.92333333333332,33.86443239756436
2023-08-14,184.0,0,0,0,0,8,226,33,322.9,193.5,281.0,235.7,227.64285714285714,44.712930909035634,227.61333333333334,37.570281114046956
2023-08-15,204.0,0,0,1,0,8,227,33,184.0,222.5,220.5,269.4,226.28571428571428,46.04626038277266,225.89,38.36390500061954
2023-08-16,224.0,0,0,2,0,8,228,33,204.0,196.2,186.7,193.0,223.64285714285714,46.824098394696236,223.71,37.65788235480437
2023-08-17,276.6,0,1,3,0,8,229,33,224.0,222.3,211.8,190.8,227.6142857142857,45.26144159478462,224.74333333333334,37.20878356937584
2023-08-18,205.2,0,0,4,0,8,230,33,276.6,201.8,290.8,202.5,235.37142857142857,48.7198356006297,227.60333333333332,37.80252211375489
2023-08-19,240.2,0,0,5,1,8,231,33,205.2,234.3,235.2,207.4,235.85714285714286,48.34486726092228,227.69333333333333,37.743863930019465
2023-08-20,214.7,0,0,6,1,8,232,33,240.2,322.9,257.7,211.2,236.7,48.364622056485366,228.7866666666667,37.610579338278306
2023-08-21,214.3,0,0,0,0,8,233,34,214.7,184.0,193.5,215.0,221.24285714285716,30.04418175192766,228.90333333333334,37.55953878874175
2023-08-22,223.8,0,0,1,0,8,234,34,214.3,204.0,222.5,302.4,225.57142857142858,25.64479897144292,228.88000000000002,37.56869019221496
2023-08-23,220.3,0,0,2,0,8,235,34,223.8,224.0,196.2,189.7,228.4,23.901673581571764,226.26000000000002,34.91145054721093
2023-08-24,206.6,0,0,3,0,8,236,34,220.3,276.6,222.3,207.7,227.87142857142857,24.055610176264214,227.28,34.24714838368009
2023-08-25,227.1,0,0,4,0,8,237,34,206.6,205.2,201.8,182.9,217.8714285714286,11.902620759832095,227.24333333333334,34.26941617619827
2023-08-26,247.6,0,0,5,1,8,238,34,227.1,240.2,234.3,211.6,221.0,10.84834856863807,228.71666666666667,33.231664203694855
2023-08-27,268.9,0,0,6,1,8,239,34,247.6,214.7,322.9,218.8,222.05714285714288,13.147985541881642,229.91666666666666,33.242246524911565
2023-08-28,180.8,0,0,0,0,8,240,35,268.9,214.3,184.0,225.8,229.79999999999998,21.438594481293254,231.58666666666667,33.9161311771109
2023-08-29,196.2,0,0,1,0,8,241,35,180.8,223.8,204.0,287.3,225.0142857142857,28.160576969197553,230.08666666666664,35.15341483714847
2023-08-30,180.8,0,0,2,0,8,242,35,196.2,220.3,224.0,281.0,221.07142857142858,30.216094733641302,227.05,33.95504888566051
2023-08-31,193.6,1,0,3,0,8,243,35,180.8,206.6,276.6,220.5,215.4285714285714,33.85354310781053,223.70999999999998,33.38862443077465
2023-09-01,206.4,0,0,4,0,9,244,35,193.6,227.1,205.2,186.7,213.57142857142858,34.762945516057556,222.81333333333333,33.83601155811559
2023-09-02,262.9,0,0,5,1,9,245,35,206.4,247.6,240.2,211.8,210.6142857142857,34.29763979107164,223.46999999999997,33.297863139474636
2023-09-03,248.4,0,0,6,1,9,246,35,262.9,268.9,214.7,290.8,212.79999999999998,37.39514228702268,225.17333333333332,33.9803080229321
2023-09-04,215.7,0,0,0,0,9,247,36,248.4,180.8,214.3,235.2,209.87142857142857,32.78844889518848,223.76000000000002,31.979450298266876
2023-09-05,236.6,0,0,1,0,9,248,36,215.7,196.2,223.8,257.7,214.85714285714286,30.180891147813973,223.10999999999999,31.937053931023677
2023-09-06,230.2,0,0,2,0,9,249,36,236.6,180.8,220.3,193.5,220.62857142857143,29.879798877375084,222.40666666666667,31.376445517829858
2023-09-07,209.1,0,0,3,0,9,250,36,230.2,193.6,206.6,222.5,227.68571428571428,24.198789816258007,223.63,30.92270842846298
2023-09-08,295.0,1,0,4,0,9,251,36,209.1,206.4,227.1,196.2,229.9,21.06640295193597,223.18333333333334,31.036164481893344
2023-09-09,259.2,0,0,5,1,9,252,36,295.0,262.9,247.6,222.3,242.55714285714288,29.51580690313003,226.47666666666666,33.23802022542492
2023-09-10,259.1,0,0,6,1,9,253,36,259.2,248.4,268.9,201.8,242.0285714285714,29.121281696021708,227.70666666666665,33.75683770666368
2023-09-11,215.5,0,0,0,0,9,254,37,259.1,215.7,180.8,234.3,243.55714285714288,29.78471963624175,229.61666666666665,33.8613510060368
2023-09-12,199.0,0,0,1,0,9,255,37,215.5,236.6,196.2,322.9,243.52857142857144,29.81597526414962,228.98999999999998,33.94554818204174
2023-09-13,207.5,0,0,2,0,9,256,37,199.0,230.2,180.8,184.0,238.15714285714284,34.31903539547977,224.85999999999999,29.352384617925527
2023-09-14,210.4,0,0,3,0,9,257,37,207.5,209.1,193.6,204.0,234.91428571428574,36.216268378148776,225.64333333333332,28.526293779277022
2023-09-15,301.4,1,0,4,0,9,258,37,210.4,295.0,206.4,224.0,235.09999999999997,36.064848999175595,225.85666666666665,28.382421506536794
2023-09-16,278.9,0,0,5,1,9,259,37,301.4,259.2,262.9,276.6,236.0142857142857,37.87230424164117,228.43666666666664,31.54905849552456
2023-09-17,261.2,0,0,6,1,9,260,37,278.9,259.1,248.4,205.2,238.82857142857145,40.521669687782065,228.51333333333335,31.672687388928473
2023-09-18,308.7,1,0,0,0,9,261,38,261.2,215.5,215.7,240.2,239.1285714285714,40.70412404518387,230.38,31.900701538064883
2023-09-19,196.3,0,0,1,0,9,262,38,308.7,199.0,236.6,214.7,252.44285714285712,46.515117870174066,232.66333333333333,34.934998589334235
2023-09-20,220.3,0,0,2,0,9,263,38,196.3,207.5,230.2,214.3,252.05714285714285,47.04036766944097,232.05,35.419405844040234
2023-09-21,232.4,0,0,3,0,9,264,38,220.3,210.4,209.1,223.8,253.88571428571427,45.23374214644886,232.25,35.33255556506809
2023-09-22,216.8,0,0,4,0,9,265,38,232.4,301.4,295.0,220.3,257.0285714285714,42.383240173670565,232.53666666666666,35.296502545635114
2023-09-23,244.7,0,0,5,1,9,266,38,216.8,278.9,259.2,206.6,244.94285714285712,39.591870257367106,232.42000000000002,35.344095736746176
2023-09-24,336.7,1,0,6,1,9,267,38,244.7,261.2,259.1,227.1,240.05714285714285,36.70825779679815,233.69,35.06776051569602
2023-09-25,240.4,0,0,0,0,9,268,39,336.7,308.7,215.5,247.6,250.84285714285716,51.90291761686287,237.3433333333333,39.75351368841138
2023-09-26,286.2,1,0,1,0,9,269,39,240.4,196.3,199.0,268.9,241.08571428571432,45.20079013215842,237.10333333333335,39.71116826608694
2023-09-27,243.7,0,0,2,0,9,270,39,286.2,220.3,207.5,180.8,253.92857142857142,43.07674215032643,237.68,40.309923480881
2023-09-28,228.9,0,0,3,0,9,271,39,243.7,232.4,210.4,196.2,257.27142857142854,40.88429667104118,239.77666666666667,38.85908834656873
2023-09-29,243.7,0,0,4,0,9,272,39,228.9,216.8,301.4,180.8,256.7714285714286,41.25884609332132,240.86666666666667,38.04469543280257
2023-09-30,260.2,0,0,5,1,9,273,39,243.7,244.7,278.9,193.6,260.61428571428576,38.04280170945294,242.96333333333334,36.31410368488772
2023-10-01,353.2,1,0,6,1,10,274,39,260.2,336.7,261.2,206.4,262.8285714285715,37.40791869313733,245.18333333333334,35.21129406717467
2023-10-02,242.9,0,0,0,0,10,275,40,353.2,240.4,308.7,262.9,265.18571428571425,42.948086048601596,250.07666666666668,39.566763162109
2023-10-03,221.5,0,0,1,0,10,276,40,242.9,286.2,196.3,248.4,265.54285714285714,42.71739915393004,249.40999999999997,39.51170363497277
2023-10-04,255.4,0,0,2,0,10,277,40,221.5,243.7,220.3,215.7,256.3,44.46665417291174,248.51333333333332,39.83928691140424
2023-10-05,259.0,1,0,3,0,10,278,40,255.4,228.9,232.4,236.6,257.9714285714286,44.13274348620356,249.83666666666667,39.36831811576863
2023-10-06,233.6,0,0,4,0,10,279,40,259.0,243.7,216.8,230.2,262.2714285714286,42.254534836934454,250.58333333333334,39.32100503269973
2023-10-07,312.8,0,0,5,1,10,280,40,233.6,260.2,244.7,209.1,260.8285714285714,43.15718226381763,250.69666666666666,39.26508920001386
2023-10-08,304.2,0,0,6,1,10,281,40,312.8,353.2,336.7,295.0,268.3428571428571,47.40013562367567,254.1533333333333,40.03393158510546
2023-10-09,324.1,1,0,0,0,10,282,41,304.2,242.9,240.4,259.2,261.34285714285716,34.69542991725065,254.45999999999998,40.391255455127464
2023-10-10,253.6,0,0,1,0,10,283,41,324.1,221.5,286.2,259.1,272.9428571428571,40.57716341091597,256.62333333333333,42.3446506276955
2023-10-11,232.3,0,0,2,0,10,284,41,253.6,255.4,243.7,215.5,277.5285714285714,35.26002052777384,256.44,42.345464276916005
2023-10-12,344.3,1,0,3,0,10,285,41,232.3,259.0,228.9,199.0,274.22857142857146,38.59908091676581,257.0,41.894061796310545
2023-10-13,234.6,0,0,4,0,10,286,41,344.3,233.6,243.7,207.5,286.4142857142857,45.78571205705342,261.84333333333336,43.331844492548626
2023-10-14,292.0,0,0,5,1,10,287,41,234.6,312.8,260.2,210.4,286.5571428571428,45.59462165441778,262.74666666666667,42.43304448619962
2023-10-15,295.1,0,0,6,1,10,288,41,292.0,304.2,353.2,301.4,283.5857142857143,44.257482552724824,265.46666666666664,41.56837602141138
2023-10-16,249.6,0,0,0,0,10,289,42,295.1,324.1,242.9,278.9,282.2857142857143,43.680942777196826,265.2566666666667,41.39614077742448
2023-10-17,244.9,0,0,1,0,10,290,42,249.6,253.6,221.5,261.2,271.64285714285717,40.774128118324136,264.28,41.408789671625804
2023-10-18,250.5,0,0,2,0,10,291,42,244.9,232.3,255.4,308.7,270.4,41.54114426284686,263.7366666666667,41.55726819979706
2023-10-19,257.6,0,0,3,0,10,292,42,250.5,344.3,259.0,196.3,273.0,39.266355403406784,261.7966666666667,40.73623722177204
2023-10-20,261.2,0,0,4,0,10,293,42,257.6,234.6,233.6,220.3,260.61428571428576,23.560944277301108,263.84,38.83045907176629
2023-10-21,301.29999999999995,0,0,5,1,10,294,42,261.2,292.0,312.8,232.4,264.4142857142857,20.628574726288917,265.2033333333333,37.957239855806726
2023-10-22,341.4,1,0,6,1,10,295,42,301.29999999999995,295.1,304.2,216.8,265.74285714285713,22.87814511295689,267.5,37.98841928798797
2023-10-23,251.6,0,0,0,0,10,296,43,341.4,249.6,324.1,244.7,272.35714285714283,35.815213580397774,271.6533333333333,39.05067206215179
2023-10-24,260.2,0,0,1,0,10,297,43,251.6,244.9,253.6,336.7,272.64285714285717,35.61080627856535,271.8833333333333,38.90650227841363
2023-10-25,270.1,0,0,2,0,10,298,43,260.2,250.5,232.3,240.4,274.8285714285714,34.059982104404654,269.3333333333333,36.97062518320129
2023-10-26,255.0,0,0,3,0,10,299,43,270.1,257.6,344.3,286.2,277.62857142857143,32.496395404501364,270.3233333333333,36.56455494274333
2023-10-27,263.0,0,0,4,0,10,300,43,255.0,261.2,234.6,243.7,277.25714285714287,32.77711890647967,269.28333333333336,36.54110659605623
2023-10-28,340.0,1,0,5,1,10,301,43,263.0,301.29999999999995,292.0,228.9,277.5142857142857,32.63691307764995,269.9266666666667,36.2438478330751
2023-10-29,306.9,0,0,6,1,10,302,43,340.0,341.4,295.1,243.7,283.04285714285714,39.82410731968143,273.63,37.55938883495241
2023-10-30,273.6,0,0,0,0,10,303,44,306.9,251.6,249.6,260.2,278.1142857142857,32.937639490984765,275.7366666666667,37.59515268950375
2023-10-31,358.0,1,0,1,0,10,304,44,273.6,260.2,244.9,353.2,281.25714285714287,30.97729583328472,276.18333333333334,37.48363397660276
2023-11-01,284.2,0,0,2,0,11,305,44,358.0,270.1,250.5,242.9,295.2285714285714,40.49118069759992,276.3433333333333,37.832340510543645
2023-11-02,264.0,0,0,3,0,11,306,44,284.2,255.0,257.6,221.5,297.2428571428572,39.36791659642189,277.72,37.32139443748847
2023-11-03,264.1,0,0,4,0,11,307,44,264.0,263.0,261.2,255.4,298.52857142857147,37.87711333095075,279.13666666666666,35.893064197296376
2023-11-04,369.5,1,0,5,1,11,308,44,264.1,340.0,301.29999999999995,259.0,298.6857142857143,37.70704746557865,279.4266666666666,35.729442445569155
2023-11-05,311.9,0,0,6,1,11,309,44,369.5,306.9,341.4,233.6,302.90000000000003,44.18597062416949,283.10999999999996,39.08882325484165
2023-11-06,248.4,0,0,0,0,11,310,45,311.9,273.6,251.6,312.8,303.61428571428576,44.30167147228267,285.72,38.2746012839879
2023-11-07,217.6,0,0,1,0,11,311,45,248.4,358.0,260.2,304.2,300.0142857142857,48.015394356790054,283.5733333333334,38.50867285505233
2023-11-08,300.5,0,0,2,0,11,312,45,217.6,284.2,270.1,324.1,279.95714285714286,49.06902815228267,280.68666666666667,40.12121919739019
2023-11-09,306.25,1,0,3,0,11,313,45,300.5,264.0,255.0,253.6,282.2857142857143,49.686800010043704,279.9,39.46667734544712
2023-11-10,312.0,1,0,4,0,11,314,45,306.25,264.1,263.0,232.3,288.32142857142856,49.6614862271126,281.655,39.42744176069603
2023-11-11,297.3,0,0,5,1,11,315,45,312.0,369.5,340.0,344.3,295.1642857142857,49.06424966549546,284.31166666666667,38.66493484776073
2023-11-12,284.7,0,0,6,1,11,316,45,297.3,311.9,306.9,234.6,284.84999999999997,36.91854773236143,282.745,37.06973937844965
2023-11-13,274.8,0,0,0,0,11,317,46,284.7,248.4,273.6,292.0,280.9642857142857,34.977382147678625,284.415,35.93721332719207
2023-11-14,271.7,0,0,1,0,11,318,46,274.8,217.6,358.0,295.1,284.7357142857143,32.19343507463509,283.84166666666664,35.94923164334809
2023-11-15,276.3,0,0,2,0,11,319,46,271.7,300.5,284.2,249.6,292.4642857142857,15.615769654574827,283.06166666666667,35.95039130604067
2023-11-16,280.6,0,0,3,0,11,320,46,276.3,306.25,264.0,244.9,289.00714285714287,16.207828061654975,283.95166666666665,35.4200227889225
2023-11-17,289.1,0,0,4,0,11,321,46,280.6,312.0,264.1,250.5,285.34285714285716,14.465690114065502,285.14166666666665,34.65419336553752
2023-11-18,280.1,0,0,5,1,11,322,46,289.1,297.3,369.5,257.6,282.07142857142856,8.982708256368534,286.42833333333334,34.03468738511156
2023-11-19,276.6,0,0,6,1,11,323,46,280.1,284.7,311.9,261.2,279.6142857142857,5.970044268798478,287.1783333333333,33.622928556457076
2023-11-20,270.9,0,0,0,0,11,324,47,276.6,274.8,248.4,301.29999999999995,278.4571428571429,5.593108003859995,287.69166666666666,33.328904519002045
2023-11-21,283.1,0,0,1,0,11,325,47,270.9,271.7,217.6,341.4,277.9,6.181423784209105,286.6783333333333,33.363012979307555
2023-11-22,285.5,0,0,2,0,11,326,47,283.1,276.3,300.5,251.6,279.52857142857147,5.763307582083343,284.73499999999996,31.723305775254854
2023-11-23,265.4,0,0,3,0,11,327,47,285.5,280.6,306.25,260.2,280.84285714285716,5.950310115966628,285.86499999999995,31.099964380730917
2023-11-24,300.3,0,0,4,0,11,328,47,265.4,289.1,312.0,270.1,278.6714285714286,8.34520107321367,286.0383333333333,30.966193143750576
2023-11-25,343.2,1,0,5,1,11,329,47,300.3,280.1,297.3,255.0,280.27142857142854,11.247031354348529,287.045,30.921040571105838
2023-11-26,297.3,0,0,6,1,11,330,47,343.2,276.6,284.7,263.0,289.2857142857143,26.30002715913821,289.98499999999996,31.945214821628195
2023-11-27,295.9,1,0,0,0,11,331,48,297.3,270.9,274.8,340.0,292.24285714285713,25.79482229329821,291.12833333333333,31.557560117580167
2023-11-28,294.5,0,0,1,0,11,332,48,295.9,283.1,271.7,306.9,295.8142857142857,24.016690624884255,289.65833333333336,30.20048550458448
2023-11-29,286.1,0,0,2,0,11,333,48,294.5,285.5,276.3,273.6,297.4428571428571,23.38916110387098,289.245,30.04080658612217
2023-11-30,302.3,0,0,3,0,11,334,48,286.1,265.4,280.6,358.0,297.52857142857147,23.339145534609617,289.6616666666667,29.902697615978017
2023-12-01,297.0,0,0,4,0,12,335,48,302.3,300.3,289.1,284.2,302.8,18.54858485167993,287.805,27.11225181123537
2023-12-02,309.0,0,0,5,1,12,336,48,297.0,343.2,280.1,264.0,302.3285714285715,18.66428981466171,288.2316666666666,27.15424804301498
2023-12-03,325.0,0,0,6,1,12,337,48,309.0,297.3,276.6,264.1,297.4428571428571,7.036537297764551,289.7316666666666,27.012061428992276
2023-12-04,286.1,0,0,0,0,12,338,49,325.0,295.9,270.9,369.5,301.40000000000003,12.562112348910045,291.76166666666666,27.30614331324826
2023-12-05,268.9,0,0,1,0,12,339,49,286.1,294.5,283.1,311.9,300.0,13.765657751568062,288.9816666666667,23.02928601515449
2023-12-06,279.4,0,0,2,0,12,340,49,268.9,286.1,285.5,248.4,296.34285714285716,18.167265171442278,287.5483333333333,22.891409634564774
2023-12-07,321.4,1,0,3,0,12,341,49,279.4,302.3,265.4,217.6,295.38571428571424,18.95621521396273,288.58166666666665,21.7336957650826
2023-12-08,269.9,0,0,4,0,12,342,49,321.4,297.0,300.3,300.5,298.1142857142857,21.3418546969268,292.0416666666667,17.982511059998345
2023-12-09,305.6,0,0,5,1,12,343,49,269.9,309.0,343.2,306.25,294.24285714285713,23.884224720014846,291.02166666666665,18.35027803666644
2023-12-10,335.0,0,0,6,1,12,344,49,305.6,325.0,297.3,312.0,293.7571428571428,23.566562268240045,291.0,18.332052201840597
2023-12-11,288.7,0,0,0,0,12,345,50,335.0,286.1,295.9,297.3,295.18571428571425,25.95787796741879,291.76666666666665,19.672514229043742
2023-12-12,280.9,0,0,1,0,12,346,50,288.7,268.9,294.5,284.7,295.5571428571429,25.82446237858272,291.47999999999996,19.651750821359453
2023-12-13,333.3,1,0,2,0,12,347,50,280.9,279.4,286.1,274.8,297.27142857142854,24.10074094889388,291.3533333333333,19.709121524419654
2023-12-14,272.7,0,0,3,0,12,348,50,333.3,321.4,302.3,271.7,304.9714285714286,25.976637855690345,293.30333333333334,20.874394202786053
2023-12-15,303.9,0,0,4,0,12,349,50,272.7,269.9,297.0,276.3,298.0142857142857,27.32961937601896,293.33666666666664,20.83947651955706
2023-12-16,335.3,0,0,5,1,12,350,50,303.9,305.6,309.0,280.6,302.87142857142857,24.36026233340587,294.2566666666667,20.669962936978543
2023-12-17,316.2,0,0,6,1,12,351,50,335.3,335.0,325.0,289.1,307.11428571428576,27.321202302205947,296.08,21.805162311898773
2023-12-18,285.7,0,0,0,0,12,352,51,316.2,288.7,286.1,280.1,304.42857142857144,24.94371759820533,296.98333333333335,22.06581196038884
2023-12-19,278.5,0,0,1,0,12,353,51,285.7,280.9,268.9,276.6,304.0,25.28247087080897,297.17,21.94139765453554
2023-12-20,278.9,0,0,2,0,12,354,51,278.5,333.3,279.4,270.9,303.65714285714284,25.661375459553245,297.23333333333335,21.88263889610771
2023-12-21,270.8,0,0,3,0,12,355,51,278.9,272.7,321.4,283.1,295.88571428571424,23.318406790303516,297.5,21.597557333147552
2023-12-22,292.9,0,0,4,0,12,356,51,270.8,303.9,269.9,285.5,295.6142857142857,23.642083140833275,297.09000000000003,21.99346846616942
2023-12-23,324.2,0,0,5,1,12,357,51,292.9,335.3,305.6,265.4,294.04285714285714,23.363494112457495,297.3366666666667,21.900298901019546
2023-12-24,328.3,0,0,6,1,12,358,51,324.2,316.2,335.0,300.3,292.45714285714286,20.2682721795134,299.29666666666674,21.57226001833896
2023-12-25,385.6,0,1,0,0,12,359,52,328.3,285.7,288.7,343.2,294.1857142857143,22.96696385183308,300.22999999999996,22.213356497758884
2023-12-26,301.8,0,0,1,0,12,360,52,385.6,278.5,280.9,297.3,308.45714285714286,40.873253566884365,301.6433333333334,26.057796283001608
2023-12-27,308.9,0,0,2,0,12,361,52,301.8,278.9,333.3,295.9,311.7857142857143,38.92957010514493,301.7933333333333,26.044880803949354
2023-12-28,260.8,0,0,3,0,12,362,52,308.9,270.8,272.7,294.5,316.07142857142856,36.26604078591536,302.22666666666663,26.05159248998693
2023-12-29,284.9,0,0,4,0,12,363,52,260.8,292.9,303.9,286.1,314.64285714285717,38.47617692126069,301.10333333333335,27.101653891933168
2023-12-30,313.3,0,0,5,1,12,364,52,284.9,324.2,335.3,302.3,313.5,39.33878493293818,301.06333333333333,27.12543638083174
2023-12-31,327.6,1,1,6,1,12,365,52,313.3,328.3,316.2,297.0,311.9428571428571,39.05939311453976,301.43,27.216921080523118
2024-01-01,341.9,0,1,0,0,1,1,1,327.6,385.6,285.7,309.0,311.84285714285716,39.01140248452354,302.45,27.615647113859506
2024-01-02,304.0,0,0,1,0,1,2,1,341.9,301.8,278.5,325.0,305.59999999999997,26.838529517591603,303.5466666666667,28.5230787782189
2024-01-03,293.5,0,0,2,0,1,3,1,304.0,308.9,278.9,286.1,305.9142857142857,26.79946694565766,302.84666666666664,28.23465385233003
2024-01-04,293.9,0,0,3,0,1,4,1,293.5,260.8,270.8,268.9,303.7142857142857,27.143411021917128,303.0933333333333,28.11537722993566
2024-01-05,304.6,0,0,4,0,1,5,1,293.9,284.9,292.9,279.4,308.4428571428571,20.48884714040361,303.9266666666666,27.429067558457252
2024-01-06,343.3,0,0,5,1,1,6,1,304.6,313.3,324.2,321.4,311.25714285714287,17.906317055055084,304.76666666666665,27.035090011945552
2024-01-07,326.1,0,0,6,1,1,7,1,343.3,327.6,328.3,269.9,315.5428571428571,21.67109112334111,305.49666666666667,27.784980851523283
2024-01-08,305.6,0,0,0,0,1,8,2,326.1,341.9,385.6,305.6,315.3285714285715,21.539012224775096,307.37,27.190416034660196
2024-01-09,301.0,0,0,1,0,1,9,2,305.6,304.0,301.8,335.0,310.14285714285717,18.18395420353223,307.36999999999995,27.190416034660196
2024-01-10,290.7,0,0,2,0,1,10,2,301.0,293.5,308.9,288.7,309.7142857142857,18.38708138625402,306.2366666666666,26.703267052260536
2024-01-11,295.2,0,0,3,0,1,11,2,290.7,293.9,260.8,280.9,309.3142857142857,18.823870357555663,306.30333333333334,26.660437993832055
2024-01-12,281.9,0,0,4,0,1,12,2,295.2,304.6,284.9,333.3,309.5,18.652077632263047,306.78000000000003,26.316199285374804
2024-01-13,372.4,1,0,5,1,1,13,2,281.9,343.3,313.3,272.7,306.25714285714287,21.41470344902058,305.06666666666666,26.203031324155752
2024-01-14,350.9,0,0,6,1,1,14,2,372.4,326.1,327.6,303.9,310.4142857142857,30.641117721748696,308.39000000000004,28.202596481101473
2024-01-15,322.6,0,0,0,0,1,15,3,350.9,305.6,341.9,335.3,313.95714285714286,34.00602187568385,309.95666666666665,29.231250204288603
2024-01-16,298.6,0,0,1,0,1,16,3,322.6,301.0,304.0,316.2,316.38571428571424,33.916634491618694,309.53333333333336,28.94209835985013
2024-01-17,293.5,0,0,2,0,1,17,3,298.6,290.7,293.5,285.7,316.0428571428571,34.1096690662558,308.94666666666666,28.980656251741166
2024-01-18,284.1,0,0,3,0,1,18,3,293.5,295.2,293.9,278.5,316.4428571428571,33.77774697158107,309.2066666666667,28.7993286958795
2024-01-19,391.3,1,0,4,0,1,19,3,284.1,281.9,304.6,278.9,314.85714285714283,35.172946855163474,309.3933333333334,28.61096887960735
2024-01-20,311.6,0,0,5,1,1,20,3,391.3,372.4,343.3,270.8,330.4857142857143,41.773972302196945,313.14000000000004,31.675494716218996
2024-01-21,294.1,0,0,6,1,1,21,3,311.6,350.9,326.1,292.9,321.80000000000007,37.73186098423047,314.5,30.65434660072235
2024-01-22,294.1,0,0,0,0,1,22,4,294.1,322.6,305.6,324.2,313.6857142857143,36.51882749904117,314.54,30.625959239023373
2024-01-23,326.2,0,0,1,0,1,23,4,294.1,298.6,301.0,328.3,309.61428571428576,36.94556484755278,313.53666666666663,30.791181936675432
2024-01-24,382.4,1,0,2,0,1,24,4,326.2,293.5,290.7,385.6,313.5571428571429,37.046810800339536,313.46666666666664,30.758832018241733
2024-01-25,307.9,0,0,3,0,1,25,4,382.4,284.1,295.2,301.8,326.25714285714287,43.670770436026714,313.35999999999996,30.504557036613
2024-01-26,314.6,0,0,4,0,1,26,4,307.9,391.3,281.9,308.9,329.65714285714284,40.66459791771556,313.56333333333333,30.445117193394346
2024-01-27,321.7,0,0,5,1,1,27,4,314.6,311.6,372.4,260.8,318.7,30.29884486246893,313.75333333333333,30.432794622014637
2024-01-28,311.5,0,0,6,1,1,28,4,321.7,294.1,350.9,284.9,320.14285714285717,30.144477501019697,315.78333333333336,28.764178912420277
2024-01-29,300.6,0,0,0,0,1,29,5,311.5,294.1,322.6,313.3,322.62857142857143,28.300042066264464,316.67,28.183477062107173
2024-01-30,306.4,0,0,1,0,1,30,5,300.6,326.2,298.6,327.6,323.5571428571429,27.29681648976941,316.2466666666667,28.330837753516363
2024-01-31,333.5,1,0,2,0,1,31,5,306.4,382.4,293.5,341.9,320.7285714285714,27.994268120795848,315.54,28.302267485619634
2024-02-01,330.8,0,0,3,0,2,32,5,333.5,307.9,284.1,304.0,313.74285714285713,10.956102887256723,315.26000000000005,28.073113901701518
2024-02-02,277.7,0,0,4,0,2,33,5,330.8,314.6,391.3,293.5,317.0142857142857,12.261787331844848,316.15333333333336,28.12880145445845
2024-02-03,325.2,0,0,5,1,2,34,5,277.7,321.7,311.6,293.9,311.74285714285713,19.35362645973161,315.6266666666667,28.70949540547095
2024-02-04,381.7,1,0,6,1,2,35,5,325.2,311.5,294.1,304.6,312.24285714285713,19.695926579104874,316.67,28.460355366477472
2024-02-05,305.9,0,0,0,0,2,36,6,381.7,300.6,294.1,343.3,322.2714285714286,32.78036578429744,319.24,30.72392755065517
2024-02-06,298.9,0,0,1,0,2,37,6,305.9,306.4,326.2,326.1,323.0285714285714,32.25335715269039,317.9933333333333,30.471738555170905
2024-02-07,295.9,0,0,2,0,2,38,6,298.9,333.5,382.4,305.6,321.95714285714286,33.01342439790439,317.08666666666664,30.626478664748173
2024-02-08,299.7,0,0,3,0,2,39,6,295.9,330.8,307.9,301.0,316.5857142857143,33.87006685218368,316.7633333333334,30.802625093385373
2024-02-09,356.4,1,0,4,0,2,40,6,299.7,277.7,314.6,290.7,312.14285714285717,33.73424852889851,316.72,30.826470935622904
2024-02-10,319.8,0,0,5,1,2,41,6,356.4,325.2,321.7,295.2,323.38571428571424,33.45536472034619,318.90999999999997,31.2451083067962
2024-02-11,386.6,1,0,6,1,2,42,6,319.8,381.7,311.5,281.9,322.6142857142857,33.46881277505053,319.72999999999996,30.92254115890405
2024-02-12,374.9,1,0,0,0,2,43,7,386.6,305.9,300.6,372.4,323.3142857142857,34.92990259416783,323.21999999999997,32.379744626370105
2024-02-13,297.5,0,0,1,0,2,44,7,374.9,298.9,306.4,350.9,333.1714285714285,38.7261201381229,323.30333333333334,32.51362031129577
2024-02-14,300.6,0,0,2,0,2,45,7,297.5,295.9,333.5,322.6,332.97142857142853,38.93566121546751,321.52333333333337,32.41227612615533
2024-02-15,300.0,0,0,3,0,2,46,7,300.6,299.7,330.8,298.6,333.64285714285717,38.22385194015385,320.79,32.63518674365264
2024-02-16,279.8,0,0,4,0,2,47,7,300.0,356.4,277.7,293.5,333.6857142857143,38.179594400299415,320.83666666666664,32.60334744114159
2024-02-17,373.6,1,0,5,1,2,48,7,279.8,319.8,325.2,284.1,322.7428571428572,41.42381992456529,320.38,33.09173664954343
2024-02-18,399.9,1,0,6,1,2,49,7,373.6,386.6,381.7,391.3,330.42857142857144,45.5702649500636,323.36333333333334,33.73627417783827
2024-02-19,295.6,0,0,0,0,2,50,8,399.9,374.9,305.9,311.6,332.3285714285715,48.48655189107242,323.65,34.36415283402136
2024-02-20,297.9,0,0,1,0,2,51,8,295.6,297.5,298.9,294.1,321.0,46.086838323610614,323.1166666666667,34.68032417751382
2024-02-21,304.4,0,0,2,0,2,52,8,297.9,300.6,295.9,294.1,321.0571428571429,46.05308014103017,323.2433333333333,34.57747605847903
2024-02-22,314.5,0,0,3,0,2,53,8,304.4,300.0,299.7,326.2,321.59999999999997,45.79341291787088,323.5866666666667,34.32836098353766
2024-02-23,298.7,0,0,4,0,2,54,8,314.5,279.8,356.4,382.4,323.6714285714285,44.97413013002403,323.19666666666666,34.36408995100696
2024-02-24,317.8,0,0,5,1,2,55,8,298.7,373.6,319.8,307.9,326.37142857142857,42.39472114488233,320.4066666666667,32.75160362837005
2024-02-25,312.1,0,0,6,1,2,56,8,317.8,399.9,386.6,314.6,318.4,36.927857596489766,320.7366666666667,32.671019355800695
2024-02-26,354.2,1,0,0,0,2,57,9,312.1,295.6,374.9,321.7,305.85714285714283,8.92727228643576,320.65333333333336,32.690394385162264
2024-02-27,370.7,1,0,1,0,2,58,9,354.2,297.9,297.5,311.5,314.2285714285714,19.232933065075624,321.7366666666666,33.25982855341075
2024-02-28,301.7,1,0,2,0,2,59,9,370.7,304.4,300.6,300.6,324.62857142857143,27.033048557010154,323.71,34.36922591003689
2024-02-29,384.1,1,0,3,0,2,60,9,301.7,314.5,300.0,306.4,324.24285714285713,27.386727755298036,323.74666666666667,34.34429866185495
2024-03-01,337.0,1,0,4,0,3,61,9,384.1,298.7,279.8,333.5,334.1857142857143,34.87149880018601,326.33666666666664,35.886204085666975
2024-03-02,315.9,0,0,5,1,3,62,9,337.0,317.8,373.6,330.8,339.6571428571429,31.185619396491024,326.45333333333326,35.915972177726786
2024-03-03,361.2,1,0,6,1,3,63,9,315.9,312.1,399.9,277.7,339.38571428571424,31.41498732406826,325.9566666666667,35.956790959315796
2024-03-04,290.0,0,0,0,0,3,64,10,361.2,354.2,295.6,325.2,346.40000000000003,29.74435520677161,328.73999999999995,35.31865385805084
2024-03-05,305.7,0,0,1,0,3,65,10,290.0,370.7,297.9,381.7,337.22857142857146,36.147093672276384,327.56666666666666,36.018082942468716
2024-03-06,305.9,0,0,2,0,3,66,10,305.7,301.7,304.4,305.9,327.9428571428571,34.42338629201773,325.03333333333336,34.728983556253915
2024-03-07,354.5,1,0,3,0,3,67,10,305.9,384.1,314.5,298.9,328.54285714285714,33.9226992412083,325.03333333333336,34.728983556253915
2024-03-08,271.3,0,0,4,0,3,68,10,354.5,337.0,298.7,295.9,324.3142857142857,26.976868398155155,326.88666666666666,34.76981185010835
2024-03-09,320.4,0,0,5,1,3,69,10,271.3,315.9,317.8,299.7,314.92857142857144,32.65847078914867,326.06666666666666,35.80059076119492
2024-03-10,320.1,0,0,6,1,3,70,10,320.4,361.2,312.1,356.4,315.57142857142856,32.72500136418143,326.7566666666667,35.47287145404757
2024-03-11,307.20000000000005,1,0,0,0,3,71,11,320.1,290.0,354.2,319.8,309.7,26.213164631535204,325.5466666666667,35.04335967728044
2024-03-12,294.3,0,0,1,0,3,72,11,307.20000000000005,305.7,370.7,386.6,312.15714285714284,24.828334428151962,325.12666666666667,35.189809784135775
2024-03-13,306.20000000000005,0,0,2,0,3,73,11,294.3,305.9,301.7,374.9,310.5285714285714,25.681687008820404,322.05,33.6301870758787
2024-03-14,318.1,0,0,3,0,3,74,11,306.20000000000005,354.5,384.1,297.5,310.57142857142856,25.672924407223547,319.76,32.21665450642236
2024-03-15,305.4,0,0,4,0,3,75,11,318.1,271.3,337.0,300.6,305.37142857142857,17.75891459574655,320.44666666666666,31.944226539319747
2024-03-16,295.8,0,0,5,1,3,76,11,305.4,320.4,315.9,300.0,310.24285714285713,9.706502484219424,320.6066666666666,31.853283632317993
2024-03-17,330.9,0,0,6,1,3,77,11,295.8,320.1,361.2,279.8,306.72857142857146,9.868082266530749,320.46666666666675,31.956040207558637
2024-03-18,278.4,0,0,0,0,3,78,12,330.9,307.20000000000005,290.0,373.6,308.2714285714286,12.73495377372909,322.17,31.063063219066187
2024-03-19,300.6,0,0,1,0,3,79,12,278.4,294.3,305.7,399.9,304.15714285714284,17.057437981014736,318.99666666666667,30.485253454102963
2024-03-20,296.8,1,0,2,0,3,80,12,300.6,306.20000000000005,305.9,295.6,305.0571428571429,16.61102617167775,315.68666666666667,26.53272193600402
2024-03-21,264.2,0,0,3,0,3,81,12,296.8,318.1,354.5,297.9,303.7142857142857,16.880998052190797,315.72666666666663,26.50228270367899
2024-03-22,287.1,0,0,4,0,3,82,12,264.2,305.4,271.3,304.4,296.0142857142857,21.012728568768637,314.60333333333335,27.958164353600957
2024-03-23,354.3,0,0,5,1,3,83,12,287.1,295.8,320.4,314.5,293.40000000000003,20.78757641797909,314.0266666666667,28.351524113179597
2024-03-24,306.2,0,0,6,1,3,84,12,354.3,330.9,320.1,298.7,301.75714285714287,31.109744301041232,315.35333333333335,29.29009169095145
2024-03-25,276.4,0,0,0,0,3,85,13,306.2,278.4,307.20000000000005,317.8,298.2285714285714,28.548713589565274,315.60333333333335,29.17482953096547
2024-03-26,278.3,0,0,1,0,3,86,13,276.4,300.6,294.3,312.1,297.9428571428571,28.789225828589167,314.22333333333336,30.03382786279379
2024-03-27,264.4,0,0,2,0,3,87,13,278.3,296.8,306.20000000000005,354.2,294.75714285714287,29.66663991438042,313.09666666666664,30.741856037715937
2024-03-28,284.7,0,0,3,0,3,88,13,264.4,264.2,318.1,370.7,290.12857142857143,31.749210713848814,310.10333333333335,30.972662955817743
2024-03-29,278.1,0,0,4,0,3,89,13,284.7,287.1,305.4,301.7,293.0571428571429,29.847437474756717,307.2366666666667,29.093612088700617
2024-03-30,365.5,1,0,5,1,3,90,13,278.1,354.3,295.8,384.1,291.7714285714286,30.336650786670074,306.45,29.563744688384286
2024-03-31,317.3,0,0,6,1,3,91,13,365.5,306.2,330.9,337.0,293.37142857142857,34.22970027552633,305.83000000000004,28.03463559783536
2024-04-01,241.6,0,0,0,0,4,92,14,317.3,276.4,278.4,315.9,294.95714285714286,35.16730759966575,305.17333333333335,27.505070796858515
2024-04-02,291.0,0,0,1,0,4,93,14,241.6,278.3,300.6,361.2,289.98571428571427,40.311389150438444,302.69666666666666,29.758701808602158
2024-04-03,279.6,0,0,2,0,4,94,14,291.0,264.4,296.8,290.0,291.8,39.98224605997003,300.3566666666667,27.687750102655386
2024-04-04,269.1,0,0,3,0,4,95,14,279.6,284.7,264.2,305.7,293.9714285714286,38.6362400812894,300.01000000000005,27.886288189099027
2024-04-05,248.4,0,0,4,0,4,96,14,269.1,278.1,287.1,305.9,291.7428571428572,39.69554371054991,298.79,28.424192585505345
2024-04-06,309.3,0,0,5,1,4,97,14,248.4,365.5,354.3,354.5,287.5,42.85806030764022,296.87333333333333,29.83200009863607
2024-04-07,336.7,1,0,6,1,4,98,14,309.3,317.3,306.2,271.3,279.4714285714286,28.754461351572026,295.3666666666667,27.900059737091915
2024-04-08,256.3,0,0,0,0,4,99,15,336.7,241.6,276.4,320.4,282.24285714285713,33.54414291362238,297.54666666666674,28.503269423279452
2024-04-09,259.3,0,0,1,0,4,100,15,256.3,291.0,278.3,320.1,284.34285714285716,30.93427748969612,295.40999999999997,29.12677817570141
2024-04-10,275.3,0,0,2,0,4,101,15,259.3,279.6,264.4,307.20000000000005,279.81428571428575,32.095816371786356,293.3833333333334,29.462905764569747
2024-04-11,256.7,0,0,3,0,4,102,15,275.3,269.1,284.7,294.3,279.2,32.14171744011202,292.32,29.522643559792932
2024-04-12,276.5,0,0,4,0,4,103,15,256.7,248.4,278.1,306.20000000000005,277.42857142857144,33.11800689885162,291.06666666666666,30.22544410367414
2024-04-13,310.7,0,0,5,1,4,104,15,276.5,309.3,365.5,318.1,281.4428571428572,30.621934248882063,290.0766666666667,30.199060082807527
2024-04-14,313.8,0,0,6,1,4,105,15,310.7,336.7,317.3,305.4,281.64285714285717,30.83800994135088,289.83,29.991782207797545
2024-04-15,249.8,0,0,0,0,4,106,16,313.8,256.3,241.6,295.8,278.37142857142857,24.609531641602796,290.11,30.180769739503447
2024-04-16,244.8,0,0,1,0,4,107,16,249.8,259.3,291.0,330.9,277.4428571428572,25.680463206028683,288.57666666666665,31.038059876859265
2024-04-17,239.65,0,0,2,0,4,108,16,244.8,275.3,279.6,278.4,275.37142857142857,27.87852903136005,285.70666666666665,30.9702296800773
2024-04-18,234.5,0,0,3,0,4,109,16,239.65,256.7,269.1,300.6,270.2785714285714,30.977758918602493,284.415,32.073877946885105
2024-04-19,263.5,0,0,4,0,4,110,16,234.5,276.5,248.4,296.8,267.10714285714283,33.62303809110952,282.2116666666667,33.17518204958258
2024-04-20,309.8,0,0,5,1,4,111,16,263.5,310.7,309.3,264.2,265.25,33.375877017191314,281.1016666666667,33.22729062012099
2024-04-21,268.9,0,0,6,1,4,112,16,309.8,313.8,336.7,287.1,265.12142857142857,33.172727969710216,282.6216666666667,33.469568481947505
2024-04-22,239.7,0,0,0,0,4,113,17,268.9,249.8,256.3,354.3,258.70714285714286,25.688039184470178,282.01500000000004,33.550443622124234
2024-04-23,267.7,0,0,1,0,4,114,17,239.7,244.8,259.3,306.2,257.2642857142857,26.54120561010963,278.195,31.497674654181157
2024-04-24,244.6,0,0,2,0,4,115,17,267.7,239.65,275.3,276.4,260.5357142857143,26.157355789620222,276.9116666666667,31.099095461214034
2024-04-25,319.0,1,0,3,0,4,116,17,244.6,234.5,256.7,278.3,261.24285714285713,25.558681313326918,275.8516666666667,31.654128900298893
2024-04-26,329.3,1,0,4,0,4,117,17,319.0,263.5,276.5,264.4,273.3142857142857,30.331909961371824,277.2083333333333,32.62012305557531
2024-04-27,302.1,0,0,5,1,4,118,17,329.3,309.8,310.7,284.7,282.7142857142857,36.376981209341146,279.37166666666667,33.869520636715194
2024-04-28,292.8,0,0,6,1,4,119,17,302.1,268.9,313.8,278.1,281.6142857142857,35.52794339537204,279.95166666666665,34.11202761726246
2024-04-29,335.5,1,0,0,0,4,120,18,292.8,239.7,249.8,365.5,285.0285714285714,35.24976190395772,280.44166666666666,34.190001773388744
2024-04-30,214.5,0,0,1,0,4,121,18,335.5,267.7,244.8,317.3,298.7142857142857,33.25875466557253,279.44166666666666,31.983956331942977
2024-05-01,263.9,0,0,2,0,5,122,18,214.5,244.6,239.65,241.6,291.11428571428576,45.39219567911885,276.01500000000004,33.269088764817944
2024-05-02,246.9,0,0,3,0,5,123,18,263.9,319.0,234.5,291.0,293.87142857142857,42.59603715080038,276.7583333333333,32.71820141791026
2024-05-03,268.5,0,0,4,0,5,124,18,246.9,329.3,263.5,279.6,283.57142857142856,44.19421961771745,275.2883333333333,33.045323325368095
2024-05-04,282.3,0,0,5,1,5,125,18,268.5,302.1,309.8,269.1,274.88571428571424,39.4265743110502,274.9183333333333,33.057521663090576
2024-05-05,265.8,0,0,6,1,5,126,18,282.3,292.8,268.9,248.4,272.0571428571429,37.826527602678446,275.35833333333335,33.06525440474533
2024-05-06,267.2,0,0,0,0,5,127,19,265.8,335.5,239.7,309.3,268.2,36.71925017389844,275.93833333333333,32.726946830563506
2024-05-07,264.4,0,0,1,0,5,128,19,267.2,214.5,267.7,336.7,258.4428571428572,21.966327044126878,274.535,32.14450977415343
2024-05-08,258.7,0,0,2,0,5,129,19,264.4,263.9,244.6,256.3,265.57142857142856,10.359490702686955,272.125,29.95905467294499
2024-05-09,260.3,0,0,3,0,5,130,19,258.7,246.9,319.0,259.3,264.8285714285714,10.680779354478688,272.20500000000004,29.918516783953034
2024-05-10,301.6,1,0,4,0,5,131,19,260.3,268.5,329.3,275.3,266.74285714285713,7.723310417789293,272.23833333333334,29.904196693524685
2024-05-11,276.0,0,0,5,1,5,132,19,301.6,282.3,302.1,256.7,271.4714285714286,15.34771582198426,273.115,30.37878442438742
2024-05-12,284.7,0,0,6,1,5,133,19,276.0,265.8,292.8,276.5,270.57142857142856,14.781149513904074,273.7583333333333,30.223135929321668
2024-05-13,260.2,0,0,0,0,5,134,20,284.7,267.2,335.5,310.7,273.2714285714286,15.474248962466131,274.0316666666667,30.28580093881789
2024-05-14,254.0,0,0,1,0,5,135,20,260.2,264.4,214.5,313.8,272.27142857142854,16.143699935858933,272.34833333333336,29.572472298001177
2024-05-15,332.4,1,0,2,0,5,136,20,254.0,258.7,263.9,249.8,270.7857142857143,17.41717816519371,270.355,28.684143012207667
2024-05-16,223.5,0,0,3,0,5,137,20,332.4,260.3,246.9,244.8,281.31428571428575,27.97155868445823,273.10833333333335,30.546894653768998
2024-05-17,232.5,0,0,4,0,5,138,20,223.5,301.6,268.5,239.65,276.0571428571429,35.123299823282416,272.3983333333333,31.4614007715121
2024-05-18,340.6,1,0,5,1,5,139,20,232.5,276.0,282.3,234.5,266.18571428571425,36.43384088872281,272.16,31.74385197059408
2024-05-19,288.8,0,0,6,1,5,140,20,340.6,284.7,265.8,263.5,275.4142857142857,46.20524604311466,275.69666666666666,33.27679613363487
2024-05-20,284.0,1,0,0,0,5,141,21,288.8,260.2,267.2,309.8,276.0,46.3682721984189,276.54,33.27762632450006
2024-05-21,244.0,0,0,1,0,5,142,21,284.0,254.0,264.4,268.9,279.40000000000003,45.886708315153726,275.68,32.71709876691535
2024-05-22,258.8,0,0,2,0,5,143,21,244.0,332.4,258.7,239.7,277.9714285714286,46.95255457323255,274.85,33.20720476456604
2024-05-23,249.8,0,0,3,0,5,144,21,258.8,223.5,260.3,267.7,267.45714285714286,40.53491734060318,275.4866666666667,32.68910746910036
2024-05-24,243.8,0,0,4,0,5,145,21,249.8,232.5,301.6,244.6,271.2142857142857,36.831165633261826,274.89000000000004,32.998039126694366
2024-05-25,294.5,0,0,5,1,5,146,21,243.8,340.6,276.0,319.0,272.8285714285714,35.0564171151643,274.86333333333334,33.02367471911596
2024-05-26,269.7,0,0,6,1,5,147,21,294.5,288.8,284.7,329.3,266.24285714285713,22.161517482854503,274.0466666666667,32.186886742288
2024-05-27,226.0,0,0,0,0,5,148,22,269.7,284.0,260.2,302.1,263.51428571428573,19.99086696230989,272.06,30.451449203948314
2024-05-28,317.3,1,0,1,0,5,149,22,226.0,244.0,254.0,292.8,255.22857142857143,22.003387185137353,269.5233333333333,31.026970284857423
2024-05-29,280.9,1,0,2,0,5,150,22,317.3,258.8,332.4,335.5,265.7,31.262650772660702,270.34,31.968902993700677
2024-05-30,248.1,0,0,3,0,5,151,22,280.9,249.8,223.5,214.5,268.85714285714283,31.564159904489728,268.52,29.59766300187175
2024-05-31,301.3,1,0,4,0,5,152,22,248.1,243.8,232.5,263.9,268.6142857142857,31.741268015599218,269.64,28.0798197263092
2024-06-01,347.7,1,0,5,1,6,153,22,301.3,294.5,340.6,246.9,276.8285714285715,31.689467981529454,270.88666666666666,28.6408164655976
2024-06-02,300.8,0,0,6,1,6,154,22,347.7,269.7,288.8,268.5,284.42857142857144,41.49597226582005,274.24666666666667,31.499772668399917
2024-06-03,249.6,0,0,0,0,6,155,23,300.8,226.0,284.0,282.3,288.87142857142857,41.32072580379451,275.3233333333334,31.846676688343933
2024-06-04,240.0,0,0,1,0,6,156,23,249.6,317.3,244.0,265.8,292.24285714285713,35.94968044099293,274.23333333333335,32.15773981306852
2024-06-05,231.0,0,0,2,0,6,157,23,240.0,280.9,258.8,267.2,281.2,38.734394707202135,273.37333333333333,32.73092951821551
2024-06-06,243.5,0,0,3,0,6,158,23,231.0,248.1,249.8,264.4,274.07142857142856,43.13999359780956,272.1666666666667,33.62152772312311
2024-06-07,276.1,1,0,4,0,6,159,23,243.5,301.3,243.8,258.7,273.4142857142857,43.63375713716118,271.46999999999997,34.00238480480078
2024-06-08,333.8,1,0,5,1,6,160,23,276.1,347.7,294.5,260.3,269.8142857142857,41.95693937723255,272.05,33.925361787514476
2024-06-09,311.8,0,0,6,1,6,161,23,333.8,300.8,269.7,301.6,267.8285714285715,37.77718510272731,274.5,35.6573250200595
2024-06-10,226.8,0,0,0,0,6,162,24,311.8,249.6,226.0,276.0,269.4,39.56383028305871,274.84000000000003,35.97188173924216
2024-06-11,252.7,0,0,1,0,6,163,24,226.8,240.0,317.3,284.7,266.14285714285717,42.30885869188075,273.2,37.02334771278825
2024-06-12,317.0,1,0,2,0,6,164,24,252.7,231.0,280.9,260.2,267.95714285714286,41.26026567788351,272.1333333333333,37.14138256514597
2024-06-13,245.3,0,0,3,0,6,165,24,317.0,243.5,248.1,254.0,280.24285714285713,41.22551221201325,274.02666666666664,37.95099320251613
2024-06-14,239.3,0,0,4,0,6,166,24,245.3,276.1,301.3,332.4,280.5,40.96291005287584,273.7366666666667,38.14206188786109
2024-06-15,257.0,0,0,5,1,6,167,24,239.3,333.8,347.7,223.5,275.2428571428572,43.8793367141778,270.6333333333333,36.974020080584886
2024-06-16,278.0,0,0,6,1,6,168,24,257.0,311.8,300.8,232.5,264.2714285714286,35.622170731428746,271.75,35.99433624029293
2024-06-17,256.5,0,0,0,0,6,169,25,278.0,226.8,249.6,340.6,259.4428571428571,29.944217980708835,273.26666666666665,35.23402874508037
2024-06-18,259.4,0,0,1,0,6,170,25,256.5,252.7,240.0,288.8,263.6857142857143,26.448152334421653,270.4633333333333,32.96458374694196
2024-06-19,233.7,0,0,2,0,6,171,25,259.4,317.0,231.0,284.0,264.64285714285717,26.103311229475615,269.48333333333335,32.837426957594545
2024-06-20,235.6,0,0,3,0,6,172,25,233.7,245.3,243.5,244.0,252.74285714285716,14.794239548200725,267.8066666666667,33.35078899271704
2024-06-21,239.8,0,0,4,0,6,173,25,235.6,239.3,276.1,258.8,251.35714285714286,16.01175163672652,267.5266666666667,33.591942109866146
2024-06-22,262.2,0,0,5,1,6,174,25,239.8,257.0,333.8,249.8,251.4285714285714,15.949996268100026,266.8933333333333,33.93945860756573
2024-06-23,252.05,1,0,6,1,6,175,25,262.2,278.0,311.8,243.8,252.17142857142858,16.368334703090724,267.3066666666667,33.79932598117252
2024-06-24,241.9,0,0,0,0,6,176,26,252.05,256.5,226.8,294.5,248.4642857142857,11.861938932489984,267.58166666666665,33.6346354822368
2024-06-25,244.1,0,0,1,0,6,177,26,241.9,259.4,252.7,269.7,246.37857142857143,11.491295877855082,265.8283333333333,33.55391873751311
2024-06-26,296.0,1,0,2,0,6,178,26,244.1,233.7,317.0,226.0,244.19285714285712,9.953995369174843,264.975,33.77684564496947
2024-06-27,236.7,0,0,3,0,6,179,26,296.0,235.6,245.3,317.3,253.09285714285713,20.87223891064107,267.30833333333334,33.40738634858514
2024-06-28,239.5,0,0,4,0,6,180,26,236.7,239.8,239.3,280.9,253.25,20.722190199558746,264.62166666666667,32.476361916527665
2024-06-29,281.7,1,0,5,1,6,181,26,239.5,262.2,257.0,248.1,253.20714285714286,20.754927699453585,263.2416666666667,32.63998521840086
2024-06-30,340.6,1,0,6,1,6,182,26,281.7,252.05,278.0,301.3,255.99285714285716,23.313987728604964,264.3616666666666,32.678949470656214
2024-07-01,258.0,0,0,0,0,7,183,27,340.6,241.9,256.5,347.7,268.64285714285717,39.33598255807946,265.6716666666667,34.9215171376525
2024-07-02,256.8,0,0,1,0,7,184,27,258.0,244.1,259.4,300.8,270.9428571428571,37.95826028428501,262.6816666666667,31.309281656020914
2024-07-03,247.4,0,0,2,0,7,185,27,256.8,296.0,233.7,249.6,272.75714285714287,36.74556014644754,261.215,30.481716255191817
2024-07-04,258.8,0,0,3,0,7,186,27,247.4,236.7,235.6,240.0,265.81428571428575,36.20945680212247,261.14166666666665,30.513253432851556
2024-07-05,252.7,0,0,4,0,7,187,27,258.8,239.5,239.8,231.0,268.9714285714286,34.152926389291856,261.7683333333333,30.25605235358612
2024-07-06,263.3,0,0,5,1,7,188,27,252.7,281.7,262.2,243.5,270.85714285714283,32.582810250337964,262.4916666666667,29.750271176199842
2024-07-07,283.4,0,0,6,1,7,189,27,263.3,340.6,252.05,276.1,268.2285714285714,32.303287463544464,263.1516666666667,29.533255607561536
2024-07-08,300.9,1,0,0,0,7,190,28,283.4,258.0,241.9,333.8,260.0571428571429,11.446667221344748,263.39500000000004,29.673360716421257
2024-07-09,234.8,0,0,1,0,7,191,28,300.9,256.8,244.1,311.8,266.1857142857143,19.09253157401532,262.29833333333335,27.51076429870327
2024-07-10,216.0,0,0,2,0,7,192,28,234.8,247.4,296.0,226.8,263.04285714285714,22.41642679992073,259.7316666666667,26.29837573105819
2024-07-11,250.3,0,0,3,0,7,193,28,216.0,258.8,236.7,252.7,258.5571428571429,28.40908640692639,259.37166666666667,26.833206664225095
2024-07-12,242.5,0,0,4,0,7,194,28,250.3,252.7,239.5,317.0,257.3428571428571,28.578130166432246,259.2916666666667,26.857350125190738
2024-07-13,258.4,0,0,5,1,7,195,28,242.5,263.3,281.7,245.3,255.8857142857143,29.10941592059377,256.80833333333334,24.69461788120658
2024-07-14,275.6,0,0,6,1,7,196,28,258.4,283.4,340.6,239.3,255.1857142857143,28.959939489545192,257.245,24.599741903607338
2024-07-15,231.9,0,0,0,0,7,197,29,275.6,300.9,258.0,257.0,254.07142857142858,27.821077997669438,258.455,24.579380025007744
2024-07-16,239.6,0,0,1,0,7,198,29,231.9,234.8,256.8,278.0,244.21428571428572,19.419013755547276,257.61833333333334,25.053241525189854
2024-07-17,259.9,0,0,2,0,7,199,29,239.6,216.0,247.4,256.5,244.9,19.113520519954058,256.3383333333333,24.95677533371306
2024-07-18,255.3,0,0,3,0,7,200,29,259.9,250.3,258.8,259.4,251.17142857142855,14.755983451436826,256.45166666666665,24.96525338218579
2024-07-19,246.1,0,0,4,0,7,201,29,255.3,242.5,252.7,233.7,251.8857142857143,14.827612594012704,256.315,24.959778506697646
2024-07-20,260.5,0,0,5,1,7,202,29,246.1,258.4,263.3,235.6,252.4,14.506780024067885,256.7283333333333,24.673389558364452
2024-07-21,268.6,0,0,6,1,7,203,29,260.5,275.6,283.4,239.8,252.70000000000002,14.672309520545653,257.55833333333334,24.35489076187667
2024-07-22,219.6,0,0,0,0,7,204,30,268.6,231.9,300.9,262.2,251.70000000000002,12.993972961852833,258.5183333333333,24.19787139161241
2024-07-23,226.7,0,0,1,0,7,205,30,219.6,239.6,234.8,252.05,249.94285714285712,16.481389215603826,257.0983333333333,25.203422329643924
2024-07-24,253.6,0,0,2,0,7,206,30,226.7,259.9,216.0,241.9,248.1,18.435925073978993,256.25333333333333,25.7964944602312
2024-07-25,240.2,0,0,3,0,7,207,30,253.6,255.3,250.3,244.1,247.20000000000002,17.910146100279825,256.6433333333333,25.660094919238414
2024-07-26,243.4,0,0,4,0,7,208,30,240.2,246.1,242.5,296.0,245.04285714285714,17.679824390423924,256.5133333333333,25.735601710514874
2024-07-27,285.7,0,0,5,1,7,209,30,243.4,260.5,258.4,236.7,244.65714285714284,17.682369481385386,254.76000000000002,24.724587789875642
2024-07-28,328.0,1,0,6,1,7,210,30,285.7,268.6,275.6,239.5,248.25714285714284,23.161739798128824,256.3933333333333,25.10594013147117
2024-07-29,235.1,0,0,0,0,7,211,31,328.0,219.6,231.9,281.7,256.74285714285713,37.990869830476555,259.34333333333336,28.07624696568467
2024-07-30,285.1,0,0,1,0,7,212,31,235.1,226.7,239.6,340.6,258.95714285714286,35.85697780269382,257.79,28.085784230852905
2024-07-31,253.7,0,0,2,0,7,213,31,285.1,253.6,259.9,258.0,267.3,33.83794714025478,255.94,23.96922739824799
2024-08-01,245.6,0,0,3,0,8,214,31,253.7,240.2,255.3,256.8,267.31428571428575,33.831219732244925,255.79666666666665,23.969340809678755
2024-08-02,288.1,1,0,4,0,8,215,31,245.6,243.4,246.1,247.4,268.0857142857143,33.16491261214836,255.42333333333332,24.04029208803665
2024-08-03,298.5,0,0,5,1,8,216,31,288.1,285.7,260.5,258.8,274.4714285714286,31.89883562586126,256.78000000000003,24.71095526977426
2024-08-04,275.1,0,0,6,1,8,217,31,298.5,328.0,268.6,252.7,276.3,32.997727194459905,258.10333333333335,25.859200768155475
2024-08-05,318.8,1,0,0,0,8,218,32,275.1,235.1,219.6,263.3,268.74285714285713,24.020398077665828,258.85,26.020691368799202
2024-08-06,264.9,0,0,1,0,8,219,32,318.8,285.1,226.7,283.4,280.7,25.281547948388358,260.7,28.22736505469455
2024-08-07,247.6,0,0,2,0,8,220,32,264.9,253.7,253.6,300.9,277.81428571428575,25.84224116773592,260.0833333333333,27.914698678273552
2024-08-08,258.7,0,0,3,0,8,221,32,247.6,245.6,240.2,234.8,276.9428571428571,26.873212011397545,258.3066666666667,26.905209511366596
2024-08-09,245.4,0,0,4,0,8,222,32,258.7,288.1,243.4,216.0,278.81428571428575,24.694562732946373,259.1033333333333,26.53648735080619
2024-08-10,345.0,1,0,5,1,8,223,32,245.4,298.5,285.7,250.3,272.7142857142857,27.168451591961652,260.0833333333333,25.408688214497925
2024-08-11,317.6,0,0,6,1,8,224,32,345.0,275.1,328.0,242.5,279.35714285714283,38.035459645917065,263.24,29.675621017235287
2024-08-12,287.3,1,0,0,0,8,225,33,317.6,318.8,235.1,258.4,285.42857142857144,40.551478159894124,265.74333333333334,31.00361139512921
2024-08-13,255.4,0,0,1,0,8,226,33,287.3,264.9,285.1,275.6,280.92857142857144,37.89158720550479,266.70666666666665,31.215833000018005
2024-08-14,240.4,0,0,2,0,8,227,33,255.4,247.6,253.7,231.9,279.57142857142856,38.722375714209164,266.03333333333336,31.235240192529545
2024-08-15,257.8,0,0,3,0,8,228,33,240.4,258.7,245.6,239.6,278.54285714285714,39.793963409159424,266.31666666666666,30.95221103275253
2024-08-16,270.3,0,0,4,0,8,229,33,257.8,245.4,288.1,259.9,278.4142857142857,39.87014039651843,266.92333333333335,30.58670754038223
2024-08-17,310.20000000000005,0,1,5,1,8,230,33,270.3,345.0,298.5,255.3,281.9714285714286,37.47242160512679,267.27000000000004,30.563288209988986
2024-08-18,350.1,1,0,6,1,8,231,33,310.20000000000005,317.6,275.1,246.1,277.00000000000006,29.087053248252293,269.1,31.452514838326167
2024-08-19,231.4,0,0,0,0,8,232,34,350.1,287.3,318.8,260.5,281.64285714285717,37.90491864049902,272.56666666666666,34.4213379424316
2024-08-20,289.2,0,0,1,0,8,233,34,231.4,255.4,264.9,268.6,273.6571428571429,42.16364378398596,271.5966666666667,35.17487821544261
2024-08-21,259.5,0,0,2,0,8,234,34,289.2,240.4,247.6,219.6,278.4857142857143,41.656709286397366,272.28333333333336,35.31515336893243
2024-08-22,264.2,0,0,3,0,8,235,34,259.5,257.8,258.7,226.7,281.2142857142857,39.30544612694389,273.6133333333334,33.98907261858169
2024-08-23,258.1,0,0,4,0,8,236,34,264.2,270.3,245.4,253.6,282.12857142857143,38.74040587834671,274.86333333333334,32.87559081239944
2024-08-24,295.9,0,0,5,1,8,237,34,258.1,310.20000000000005,345.0,240.2,280.3857142857143,39.62555692863832,275.0133333333333,32.785370300594145
2024-08-25,301.2,0,0,6,1,8,238,34,295.9,350.1,317.6,243.4,278.34285714285716,38.1743743516885,276.87,32.31974041804187
2024-08-26,244.8,0,0,0,0,8,239,35,301.2,231.4,287.3,285.7,271.35714285714283,25.0847136149261,278.7966666666667,31.976688527665836
2024-08-27,280.3,0,0,1,0,8,240,35,244.8,289.2,255.4,328.0,273.2714285714286,21.82702562464816,277.43333333333334,32.539157665943804
2024-08-28,252.7,0,0,2,0,8,241,35,280.3,259.5,240.4,235.1,272.0,20.98761539575187,275.8433333333333,31.11740485736922
2024-08-29,254.2,0,0,3,0,8,242,35,252.7,264.2,257.8,285.1,271.0285714285714,21.80410621004791,276.43,30.48219548161294
2024-08-30,247.8,0,0,4,0,8,243,35,254.2,258.1,270.3,253.7,269.59999999999997,22.637726623198507,275.4,30.700409971427867
2024-08-31,323.9,0,0,5,1,8,244,35,247.8,295.9,310.20000000000005,245.6,268.12857142857143,23.81398148747327,275.2033333333333,30.86268233513566
2024-09-01,308.2,0,0,6,1,9,245,35,323.9,301.2,350.1,288.1,272.12857142857143,30.631776218262548,277.81333333333333,31.57546770705849
2024-09-02,256.4,0,0,0,0,9,246,36,308.2,244.8,231.4,298.5,273.12857142857143,31.82984523397887,278.48333333333335,32.01150744959311
2024-09-03,263.1,0,0,1,0,9,247,36,256.4,280.3,289.2,275.1,274.7857142857143,30.37803090894405,277.08,32.02654502450819
2024-09-04,280.7,0,0,2,0,9,248,36,263.1,252.7,259.5,318.8,272.3285714285714,30.55278024914233,276.68,32.12690783278878
2024-09-05,275.9,0,0,3,0,9,249,36,280.7,254.2,264.2,264.9,276.3285714285714,29.36447481145163,275.40999999999997,31.14243529112684
2024-09-06,255.1,0,0,4,0,9,250,36,275.9,247.8,258.1,247.6,279.4285714285714,27.73948535245455,275.7766666666667,31.079116875276235
2024-09-07,370.3,1,0,5,1,9,251,36,255.1,323.9,295.9,258.7,280.4714285714286,26.459951769023306,276.02666666666664,30.874137523436108
2024-09-08,297.4,0,0,6,1,9,252,36,370.3,308.2,301.2,245.4,287.1,40.98036115018979,279.74666666666667,35.14269172401496
2024-09-09,278.6,0,0,0,0,9,253,37,297.4,256.4,244.8,345.0,285.5571428571429,40.250377105597956,281.47999999999996,34.669408158619035
2024-09-10,278.7,0,0,1,0,9,254,37,278.6,263.1,280.3,317.6,288.7285714285714,38.40228787827227,279.26666666666665,32.52776356128414
2024-09-11,286.7,0,0,2,0,9,255,37,278.7,280.7,252.7,287.3,290.95714285714286,37.09761255313929,277.97,31.712090047367855
2024-09-12,260.5,0,0,3,0,9,256,37,286.7,275.9,254.2,255.4,291.8142857142857,36.889855361215616,277.95,31.706191606795826
2024-09-13,336.8,1,0,4,0,9,257,37,260.5,255.1,247.8,240.4,289.61428571428576,38.424403208179356,278.12,31.594591418413774
2024-09-14,316.2,0,0,5,1,9,258,37,336.8,370.3,323.9,257.8,301.2857142857143,38.601184289752005,281.3333333333333,32.5147747141603
2024-09-15,345.2,0,0,6,1,9,259,37,316.2,297.4,308.2,270.3,293.5571428571429,25.760619631707254,283.28,32.804167102828565
2024-09-16,266.3,0,0,0,0,9,260,38,345.2,278.6,256.4,310.20000000000005,300.38571428571424,32.42290489614912,285.7766666666667,34.584177001202875
2024-09-17,312.1,0,0,1,0,9,261,38,266.3,278.7,263.1,350.1,298.62857142857143,34.090747243482625,284.31333333333333,34.443604414425415
2024-09-18,278.7,0,0,2,0,9,262,38,312.1,286.7,280.7,231.4,303.40000000000003,33.16132285258382,283.0466666666667,32.58970361339836
2024-09-19,314.7,0,0,3,0,9,263,38,278.7,260.5,275.9,289.2,302.25714285714287,33.96100004136348,284.62333333333333,31.11575366975283
2024-09-20,312.8,0,0,4,0,9,264,38,314.7,336.8,255.1,259.5,310.0,28.611186623416316,285.47333333333336,31.589772824862035
2024-09-21,302.1,0,0,5,1,9,265,38,312.8,316.2,370.3,264.2,306.57142857142856,26.20087239550766,287.25,31.57745540183895
2024-09-22,333.2,0,0,6,1,9,266,38,302.1,345.2,297.4,258.1,304.5571428571429,25.877265256259605,288.5133333333333,31.381014833079867
2024-09-23,286.2,0,0,0,0,9,267,39,333.2,266.3,278.6,295.9,302.84285714285716,22.97026027590507,291.01666666666665,31.862961779051385
2024-09-24,291.5,0,0,1,0,9,268,39,286.2,312.1,278.7,301.2,305.68571428571425,18.487962621790523,290.6933333333333,31.86091469273014
2024-09-25,290.3,0,0,2,0,9,269,39,291.5,278.7,286.7,244.8,302.74285714285713,18.93100253929577,290.37,31.799773909410288
2024-09-26,343.2,1,0,3,0,9,270,39,290.3,314.7,260.5,280.3,304.40000000000003,16.871277367169423,291.8866666666666,30.61435017735254
2024-09-27,269.7,0,0,4,0,9,271,39,343.2,312.8,336.8,252.7,308.4714285714286,22.327689407676544,293.98333333333335,31.919533348646542
2024-09-28,328.0,0,0,5,1,9,272,39,269.7,302.1,316.2,254.2,302.3142857142857,26.48983632587025,294.55,31.306369848697
2024-09-29,330.2,0,0,6,1,9,273,39,328.0,333.2,345.2,247.8,306.0142857142857,28.208002917104736,297.01000000000005,30.923602747683013
2024-09-30,313.8,0,0,0,0,9,274,40,330.2,286.2,266.3,323.9,305.5857142857143,27.74511540021757,299.7566666666666,30.049059694201816
2024-10-01,282.9,0,0,1,0,10,275,40,313.8,291.5,312.1,308.2,309.5285714285714,26.462534162201287,299.42,29.82497680433746
2024-10-02,268.6,0,0,2,0,10,276,40,282.9,290.3,278.7,256.4,308.3,27.613643970568084,298.5766666666667,29.92567440352354
2024-10-03,305.0,0,0,3,0,10,277,40,268.6,343.2,314.7,263.1,305.2,30.983597811314542,298.98333333333335,29.41123504932076
2024-10-04,288.6,0,0,4,0,10,278,40,305.0,269.7,312.8,280.7,299.74285714285713,26.164470638816553,300.38000000000005,28.633033731856155
2024-10-05,324.3,1,0,5,1,10,279,40,288.6,328.0,302.1,275.9,302.4428571428572,23.373906900847565,300.6433333333333,28.481726547496972
2024-10-06,360.0,0,0,6,1,10,280,40,324.3,330.2,333.2,255.1,301.9142857142857,22.732680482176505,302.2566666666667,28.40250940022452
2024-10-07,279.9,0,0,0,0,10,281,41,360.0,313.8,286.2,370.3,306.17142857142863,30.407384754677736,305.75333333333333,28.85045548356477
2024-10-08,286.1,0,0,1,0,10,282,41,279.9,282.9,291.5,297.4,301.32857142857137,31.663528666574976,302.74,26.501679842657442
2024-10-09,303.9,0,0,2,0,10,283,41,286.1,268.6,290.3,278.6,301.7857142857143,31.374906564079655,302.36333333333334,26.660024100841103
2024-10-10,280.3,0,0,3,0,10,284,41,303.9,305.0,343.2,278.7,306.8285714285715,27.78331119489433,303.2066666666667,26.27984586808933
2024-10-11,303.1,0,0,4,0,10,285,41,280.3,288.6,269.7,286.7,303.30000000000007,29.565576830721533,303.26,26.22997232701207
2024-10-12,325.1,0,0,5,1,10,286,41,303.1,324.3,328.0,260.5,305.37142857142857,28.86362845553222,303.8066666666666,26.043172820811783
2024-10-13,368.4,1,0,6,1,10,287,41,325.1,360.0,330.2,336.8,305.4857142857143,28.952514489039753,305.96,24.98826759183871
2024-10-14,313.3,0,0,0,0,10,288,42,368.4,279.9,313.8,316.2,306.6857142857143,31.63807982855557,307.0133333333333,26.924130099395093
2024-10-15,355.8,1,0,1,0,10,289,42,313.3,286.1,282.9,345.2,311.45714285714286,29.36187193980446,306.9166666666667,26.89519997339958
2024-10-16,298.9,0,0,2,0,10,290,42,355.8,303.9,268.6,266.3,321.4142857142857,31.096646580803,307.27000000000004,27.47878366529522
2024-10-17,312.0,0,0,3,0,10,291,42,298.9,280.3,305.0,312.1,320.7,31.619034351688743,308.3566666666666,26.427202329956597
2024-10-18,290.9,0,0,4,0,10,292,42,312.0,303.1,288.6,278.7,325.2285714285714,26.76612998335111,308.35333333333335,26.42672019433821
2024-10-19,353.9,0,0,5,1,10,293,42,290.9,325.1,324.3,314.7,323.4857142857143,28.76939511421871,308.76,26.0457899172544
2024-10-20,355.7,0,0,6,1,10,294,42,353.9,368.4,360.0,312.8,327.59999999999997,31.010750823973876,310.06666666666666,27.306830436828527
2024-10-21,326.6,0,0,0,0,10,295,43,355.7,313.3,279.9,302.1,325.7857142857143,28.495404809162267,311.49666666666667,28.549901664584226
2024-10-22,351.15,0,0,1,0,10,296,43,326.6,355.8,286.1,333.2,327.68571428571425,27.962560002701686,312.31333333333333,28.622160854030234
2024-10-23,375.7,1,0,2,0,10,297,43,351.15,298.9,303.9,286.2,327.0214285714286,27.228965232248143,312.9116666666667,29.25447706182555
2024-10-24,312.6,0,0,3,0,10,298,43,375.7,312.0,280.3,291.5,337.99285714285713,29.395810764054545,315.89500000000004,30.950885314060006
2024-10-25,334.1,0,0,4,0,10,299,43,312.6,290.9,303.1,290.3,338.07857142857137,29.30813108369351,316.59833333333336,30.615334458779735
2024-10-26,367.5,0,0,5,1,10,300,43,334.1,353.9,325.1,343.2,344.25,21.123466413759793,318.05833333333334,30.361284567268726
2024-10-27,333.3,0,0,6,1,10,301,43,367.5,355.7,368.4,269.7,346.1928571428572,22.723783953003057,318.8683333333333,31.362789513879523
2024-10-28,299.1,0,0,0,0,10,302,44,333.3,326.6,313.3,328.0,342.99285714285713,22.739034510640444,320.98833333333334,30.046531968486654
2024-10-29,299.0,0,0,1,0,10,303,44,299.1,351.15,355.8,330.2,339.0642857142857,27.84541725140196,320.025,30.27638419057219
2024-10-30,312.2,0,0,2,0,10,304,44,299.0,375.7,298.9,313.8,331.61428571428576,30.883567829910525,318.985,30.450183029855197
2024-10-31,306.8,0,0,3,0,10,305,44,312.2,312.6,312.0,282.9,322.54285714285714,24.427092687071724,318.9316666666666,30.460976967524356
2024-11-01,371.5,1,0,4,0,11,306,44,306.8,334.1,290.9,268.6,321.7142857142857,24.914080929694467,319.72833333333335,29.791296123408276
2024-11-02,371.5,0,0,5,1,11,307,44,371.5,367.5,353.9,305.0,327.0571428571429,31.224074960561868,323.15833333333336,29.624879116101656
2024-11-03,341.2,0,0,6,1,11,308,44,371.5,333.3,355.7,288.6,327.62857142857143,32.111561484180584,325.375,30.68817235375465
2024-11-04,306.3,0,0,0,0,11,309,45,341.2,299.1,326.6,324.3,328.75714285714287,32.48080751986909,327.12833333333333,30.00974463384292
2024-11-05,335.8,0,0,1,0,11,310,45,306.3,299.0,351.15,360.0,329.7857142857143,31.48382804824335,326.52833333333336,30.24724462610144
2024-11-06,328.3,0,0,2,0,11,311,45,335.8,312.2,375.7,279.9,335.04285714285714,28.408734404688108,325.72166666666664,29.64041300881773
2024-11-07,316.5,0,0,3,0,11,312,45,328.3,306.8,312.6,286.1,337.34285714285716,26.860681124575127,327.335,28.349424217225895
2024-11-08,325.2,0,0,4,0,11,313,45,316.5,371.5,334.1,303.9,338.7285714285714,25.22265610423088,328.3483333333333,27.350390791298395
2024-11-09,332.2,0,0,5,1,11,314,45,325.2,371.5,367.5,280.3,332.11428571428576,20.89620608080213,329.05833333333334,26.967630927021577
2024-11-10,353.3,0,0,6,1,11,315,45,332.2,341.2,333.3,303.1,326.5,11.8886500495191,330.78833333333336,25.34795674052445
2024-11-11,333.95000000000005,0,0,0,0,11,316,46,353.3,306.3,299.1,325.1,328.22857142857146,14.884411788365801,332.4616666666667,25.11297124421167
2024-11-12,314.6,0,0,1,0,11,317,46,333.95000000000005,335.8,299.0,368.4,332.17857142857144,11.342613497439853,332.7566666666667,25.075464493009665
2024-11-13,368.1,0,0,2,0,11,318,46,314.6,328.3,312.2,313.3,329.15000000000003,12.93325816129076,330.9633333333333,24.35182119272104
2024-11-14,368.5,0,0,3,0,11,319,46,368.1,316.5,306.8,355.8,334.83571428571435,19.552082461245625,332.78999999999996,25.02713148454665
2024-11-15,375.7,1,0,4,0,11,320,46,368.5,325.2,371.5,298.9,342.2642857142858,21.23088776377487,333.2133333333333,25.532082364840832
2024-11-16,351.6,0,0,5,1,11,321,46,375.7,332.2,371.5,312.0,349.47857142857146,22.974403458754146,335.77333333333337,25.821558532695697
2024-11-17,402.9,0,0,6,1,11,322,46,351.6,353.3,341.2,290.9,352.25,21.676119732704993,337.09333333333336,25.57536103272018
2024-11-18,350.2,0,0,0,0,11,323,47,402.9,333.95000000000005,306.3,353.9,359.3357142857143,28.959723673370586,340.8266666666667,26.7474998294494
2024-11-19,342.6,0,0,1,0,11,324,47,350.2,314.6,335.8,355.7,361.65714285714284,27.182399767914895,340.70333333333326,26.693615836689123
2024-11-20,335.0,0,0,2,0,11,325,47,342.6,368.1,328.3,326.6,365.6571428571429,20.2899693726416,340.26666666666665,26.546576938023396
2024-11-21,326.6,0,0,3,0,11,326,47,335.0,368.5,316.5,351.15,360.92857142857144,23.264688140733757,340.5466666666667,26.44154885302836
2024-11-22,333.2,0,0,4,0,11,327,47,326.6,375.7,325.2,375.7,354.9428571428571,26.19731901949922,339.72833333333335,26.481938162652177
2024-11-23,390.2,0,0,5,1,11,328,47,333.2,351.6,332.2,312.6,348.87142857142857,25.500504196694127,338.31166666666667,25.613808517703262
2024-11-24,362.5,0,0,6,1,11,329,47,390.2,402.9,353.3,334.1,354.38571428571424,29.970564924683263,340.8983333333333,26.817732435619252
2024-11-25,338.8,0,0,0,0,11,330,48,362.5,350.2,333.95000000000005,367.5,348.61428571428576,21.864920807189375,341.845,27.06955393056855
2024-11-26,412.9,1,0,1,0,11,331,48,338.8,342.6,314.6,333.3,346.9857142857143,22.149825324472996,340.8883333333334,26.635275039630073
2024-11-27,320.5,0,0,2,0,11,332,48,412.9,335.0,368.1,299.1,357.02857142857147,33.07348959946021,343.5416666666667,29.64769597180767
2024-11-28,364.6,1,0,3,0,11,333,48,320.5,326.6,368.5,299.0,354.95714285714286,35.07652857884812,344.255,28.786480153973876
2024-11-29,312.8,0,0,4,0,11,334,48,364.6,333.2,375.7,312.2,360.38571428571424,32.82465681828188,346.44166666666666,27.701388248957848
2024-11-30,373.0,0,0,5,1,11,335,48,312.8,390.2,351.6,306.8,357.4714285714286,36.356187657017465,346.4616666666667,27.67601875934788
2024-12-01,367.0,0,0,6,1,12,336,48,373.0,362.5,402.9,371.5,355.0142857142858,34.29856306860858,348.6683333333333,27.036407392858315
2024-12-02,401.4,1,0,0,0,12,337,49,367.0,338.8,350.2,371.5,355.6571428571429,34.503809313505485,348.5183333333333,26.917589696282825
2024-12-03,359.2,0,0,1,0,12,338,49,401.4,412.9,342.6,341.2,364.59999999999997,37.39763807158428,349.515,28.315132879786386
2024-12-04,349.4,0,0,2,0,12,339,49,359.2,320.5,335.0,306.3,356.92857142857144,30.756609819987254,350.115,28.323571120789886
2024-12-05,351.0,0,0,3,0,12,340,49,349.4,364.6,326.6,335.8,361.0571428571429,26.72744264751256,351.5516666666666,27.090749417890763
2024-12-06,339.1,0,0,4,0,12,341,49,351.0,312.8,333.2,328.3,359.11428571428576,26.920588686690728,352.05833333333334,26.927642774707536
2024-12-07,349.8,0,0,5,1,12,342,49,339.1,373.0,390.2,316.5,362.87142857142857,20.433038139712053,352.41833333333335,26.670022184716935
2024-12-08,379.9,0,0,6,1,12,343,49,349.8,367.0,362.5,325.2,359.5571428571428,20.397864033833105,353.52833333333336,25.80241796786623
2024-12-09,348.3,0,0,0,0,12,344,50,379.9,401.4,338.8,332.2,361.4,21.722108553266228,355.35166666666663,25.663883395143078
2024-12-10,355.6,0,0,1,0,12,345,50,348.3,359.2,412.9,353.3,353.8142857142857,12.909354304972933,355.8883333333333,25.329210625668942
2024-12-11,354.2,0,0,2,0,12,346,50,355.6,349.4,320.5,333.95000000000005,353.3,12.729493312771547,355.96500000000003,25.324586492861894
2024-12-12,361.3,0,0,3,0,12,347,50,354.2,351.0,364.6,314.6,353.9857142857142,12.613145070573118,356.64,24.985162493518956
2024-12-13,353.4,0,0,4,0,12,348,50,361.3,339.1,312.8,368.1,355.45714285714286,12.806099737081642,358.1966666666667,23.69719150147189
2024-12-14,434.3,1,0,5,1,12,349,50,353.4,349.8,373.0,368.5,357.5,10.73498952025054,357.7066666666667,23.637257751755996
2024-12-15,398.8,0,0,6,1,12,350,50,434.3,379.9,367.0,375.7,369.57142857142856,30.304989373900984,359.9,27.422995636055752
2024-12-16,329.5,0,0,0,0,12,351,51,398.8,348.3,401.4,351.6,372.2714285714286,32.163525630009026,360.67,28.195367068685083
2024-12-17,325.9,0,0,1,0,12,352,51,329.5,355.6,359.2,402.9,369.5857142857143,35.14547996406697,359.93333333333334,28.724257840816485
2024-12-18,333.1,0,0,2,0,12,353,51,325.9,354.2,349.4,350.2,365.34285714285716,38.72565287346449,357.3666666666667,28.18773679717985
2024-12-19,343.9,0,0,3,0,12,354,51,333.1,361.3,351.0,342.6,362.32857142857137,40.51726851132651,356.79666666666674,28.508721996698096
2024-12-20,406.1,1,0,4,0,12,355,51,343.9,353.4,339.1,335.0,359.84285714285716,41.1201433664339,356.84000000000003,28.48737893560322
2024-12-21,382.1,0,0,5,1,12,356,51,406.1,434.3,349.8,326.6,367.37142857142857,44.43469793924851,359.21000000000004,29.545667165860756
2024-12-22,381.9,0,0,6,1,12,357,51,382.1,398.8,379.9,333.2,359.9142857142857,34.62871778218164,361.06,29.1685423370611
2024-12-23,344.4,0,0,0,0,12,358,52,381.9,329.5,348.3,390.2,357.5,31.951421460292256,362.68333333333334,28.91866219223265
2024-12-24,329.9,0,0,1,0,12,359,52,344.4,325.9,355.6,362.5,359.62857142857143,30.224863621731505,361.1566666666667,28.62334088952792
2024-12-25,437.4,0,1,2,0,12,360,52,329.9,333.1,354.2,338.8,360.2,29.510280694472446,360.07,29.183913258907012
2024-12-26,328.4,0,0,3,0,12,361,52,437.4,343.9,361.3,412.9,375.09999999999997,38.50649295897851,363.3566666666666,32.11121496357217
2024-12-27,351.7,0,0,4,0,12,362,52,328.4,406.1,353.4,320.5,372.88571428571424,40.96671122474068,360.53999999999996,31.3116657779982
2024-12-28,358.9,0,0,5,1,12,363,52,351.7,382.1,434.3,364.6,365.11428571428576,38.71371111855987,361.58,30.441967402096488
2024-12-29,383.9,0,0,6,1,12,364,52,358.9,381.9,398.8,312.8,361.8,38.00377174263825,361.39,30.440256353988087
2024-12-30,344.6,0,0,0,0,12,365,1,383.9,344.4,329.5,373.0,362.0857142857143,38.187145680686555,363.76,29.27213103230398
2024-12-31,439.3,0,1,1,0,12,366,1,344.6,329.9,325.9,367.0,362.1142857142857,38.171779653359685,362.81333333333333,29.421851290041104
2025-01-01,390.7000000000001,1,1,2,0,1,1,1,439.3,437.4,333.1,401.4,377.74285714285713,44.63297947866253,365.22333333333336,32.56937088032543
2025-01-02,342.1,0,0,3,0,1,2,1,390.7000000000001,328.4,343.9,359.2,371.07142857142856,37.08093464687185,364.8666666666667,32.21621280995102
2025-01-03,363.7,0,0,4,0,1,3,1,342.1,351.7,406.1,349.4,373.02857142857147,34.7410762779774,364.2966666666667,32.47020367100801
2025-01-04,388.2,0,0,5,1,1,4,1,363.7,358.9,382.1,351.0,374.74285714285713,33.796442472683175,364.77333333333337,32.34871348860378
2025-01-05,405.8,0,0,6,1,1,5,1,388.2,383.9,381.9,339.1,378.92857142857144,33.31829899047818,366.0133333333333,32.51509711241602
2025-01-06,382.2000000000001,0,0,0,0,1,6,2,405.8,344.6,344.4,349.8,382.0571428571429,34.855647899243486,368.2366666666667,32.889611433245065
2025-01-07,358.6,0,0,1,0,1,7,2,382.2000000000001,439.3,329.9,379.9,387.4285714285715,30.78017296278377,369.31666666666666,32.7951540084315
2025-01-08,357.3,0,0,2,0,1,8,2,358.6,390.7000000000001,437.4,348.3,375.90000000000003,21.964365079218446,368.6066666666667,32.78869583732484
2025-01-09,336.1,0,0,3,0,1,9,2,357.3,342.1,328.4,355.6,371.1285714285715,21.840918348036087,368.9066666666667,32.637316629612315
2025-01-10,344.9,0,0,4,0,1,10,2,336.1,363.7,351.7,354.2,370.2714285714286,23.242756168010303,368.2566666666666,33.10233540394638
2025-01-11,384.8,0,0,5,1,1,11,2,344.9,388.2,358.9,361.3,367.58571428571435,25.13758332135305,367.9466666666667,33.28157544900445
2025-01-12,432.4,1,0,6,1,1,12,2,384.8,405.8,383.9,353.4,367.1,24.701956737605617,368.72999999999996,33.39609878104122
2025-01-13,341.1,0,0,0,0,1,13,3,432.4,382.2000000000001,344.6,434.3,370.90000000000003,32.471628642039676,371.36333333333334,35.210945431227465
2025-01-14,320.4,0,0,1,0,1,14,3,341.1,358.6,439.3,398.8,365.0285714285714,33.77739452581055,368.2566666666667,33.53835358093029
2025-01-15,362.4,0,0,2,0,1,15,3,320.4,357.3,390.7000000000001,329.5,359.57142857142856,37.831632015447966,365.6433333333333,34.12567729107618
2025-01-16,358.7,0,0,3,0,1,16,3,362.4,336.1,342.1,325.9,360.3,37.82970614036741,366.73999999999995,33.44598939927643
2025-01-17,342.6,0,0,4,0,1,17,3,358.7,344.9,363.7,333.1,363.5285714285714,36.355820913377734,367.8333333333333,32.59006970962352
2025-01-18,393.7,0,0,5,1,1,18,3,342.6,384.8,388.2,343.9,363.19999999999993,36.56204771799869,368.15,32.28567259903955
2025-01-19,375.7,0,0,6,1,1,19,3,393.7,432.4,405.8,406.1,364.4714285714286,37.57897081638778,369.81,32.276097166104535
2025-01-20,338.5,0,0,0,0,1,20,4,375.7,341.1,382.2000000000001,382.1,356.37142857142857,24.240442397343777,368.7966666666667,31.566880104631643
2025-01-21,359.3,0,0,1,0,1,21,4,338.5,320.4,358.6,381.9,356.0,24.531612258469575,367.34333333333336,31.934800856543415
2025-01-22,367.2,0,0,2,0,1,22,4,359.3,362.4,357.3,344.4,361.5571428571429,18.877487221804902,366.59,31.846012579934385
2025-01-23,367.7,0,0,3,0,1,23,4,367.2,358.7,336.1,329.9,362.24285714285713,18.999987468664447,367.35,31.569045838801866
2025-01-24,354.2,0,0,4,0,1,24,4,367.7,342.6,344.9,437.4,363.5285714285714,19.024783335225152,368.60999999999996,30.766936462870397
2025-01-25,387.1,0,0,5,1,1,25,4,354.2,393.7,384.8,328.4,365.1857142857143,17.3274761165989,365.8366666666667,27.975586442138603
2025-01-26,384.3,0,0,6,1,1,26,4,387.1,375.7,432.4,351.7,364.24285714285713,15.611945975525789,367.79333333333335,27.311825572303174
2025-01-27,361.8,0,0,0,0,1,27,5,384.3,338.5,341.1,358.9,365.4714285714286,16.945276065979485,368.88,27.297965062467267
2025-01-28,340.0,0,0,1,0,1,28,5,361.8,359.3,320.4,383.9,368.8,12.458731877677982,368.9766666666667,27.266522145022765
2025-01-29,345.3,0,0,2,0,1,29,5,340.0,367.2,362.4,344.6,366.0428571428571,16.417963448899467,367.5133333333334,27.61379881612508
2025-01-30,367.6,0,0,3,0,1,30,5,345.3,367.7,358.7,439.3,362.9142857142857,18.155387498976065,367.5366666666667,27.59405837261391
2025-01-31,330.0,0,0,4,0,1,31,5,367.6,354.2,342.6,390.7000000000001,362.9,18.15103302844996,365.14666666666665,24.04033583638957
2025-02-01,381.3,0,0,5,1,2,32,5,330.0,387.1,393.7,342.1,359.4428571428571,21.984150134648033,363.12333333333333,24.367653564302106
2025-02-02,388.2,0,0,6,1,2,33,5,381.3,384.3,375.7,363.7,358.61428571428576,20.847975806729647,364.43,24.25218298030725
2025-02-03,372.6,1,0,0,0,2,34,6,388.2,361.8,338.5,388.2,359.1714285714285,21.684150454935267,365.24666666666667,24.63621854846591
2025-02-04,350.5,0,0,1,0,2,35,6,372.6,340.0,359.3,405.8,360.7142857142857,22.27842218914932,364.7266666666667,24.297338201501017
2025-02-05,394.6,1,0,2,0,2,36,6,350.5,345.3,367.2,382.2000000000001,362.2142857142857,20.966117791283583,362.8833333333333,23.144152211933697
2025-02-06,367.2,0,0,3,0,2,37,6,394.6,367.6,367.7,358.6,369.25714285714287,22.55732380276364,363.29666666666674,23.607121709396484
2025-02-07,345.7,0,0,4,0,2,38,6,367.2,330.0,354.2,357.3,369.2,22.562727376506075,363.5833333333333,23.600337275983783
2025-02-08,388.4,0,0,5,1,2,39,6,345.7,381.3,387.1,336.1,371.4428571428572,18.41583169837092,363.19666666666666,23.801006691738685
2025-02-09,387.6,0,0,6,1,2,40,6,388.4,388.2,384.3,344.9,372.45714285714286,19.22687850751445,364.94,23.662826950943643
2025-02-10,411.6,1,0,0,0,2,41,7,387.6,372.6,361.8,384.8,372.3714285714286,19.146167091237313,366.36333333333334,23.700028856861163
2025-02-11,346.3,0,0,1,0,2,42,7,411.6,350.5,340.0,432.4,377.9428571428571,24.224633271583514,367.2566666666667,24.893950010522577
2025-02-12,358.6,0,0,2,0,2,43,7,346.3,394.6,345.3,341.1,377.34285714285716,25.055395769029708,364.38666666666666,21.908882363934985
2025-02-13,368.2,0,0,3,0,2,44,7,358.6,367.2,367.6,320.4,372.2,24.61361411901682,364.97,21.496577915308414
2025-02-14,341.0,0,0,4,0,2,45,7,368.2,345.7,330.0,362.4,372.34285714285716,24.582640022504787,366.56333333333333,19.78223660402007
2025-02-15,375.8,0,0,5,1,2,46,7,341.0,388.4,381.3,358.7,371.6714285714285,25.47945016973965,365.85,20.316169032026956
2025-02-16,369.9,0,0,6,1,2,47,7,375.8,387.6,388.2,342.6,369.8714285714286,24.527991783924122,366.42,20.348504986174632
2025-02-17,340.0,0,0,0,0,2,48,8,369.9,411.6,372.6,393.7,367.3428571428571,23.27615784036096,367.33,19.850877684060887
2025-02-18,333.0,0,0,1,0,2,49,8,340.0,346.3,350.5,375.7,357.1142857142857,14.760581353884916,365.54,19.812127947120253
2025-02-19,346.4,0,0,2,0,2,50,8,333.0,358.6,394.6,338.5,355.2142857142857,17.06130403099342,364.1166666666667,20.576134205689225
2025-02-20,345.7,0,0,3,0,2,51,8,346.4,368.2,367.2,359.3,353.47142857142853,17.27953647967102,364.38,20.28548657334107
2025-02-21,359.0,0,0,4,0,2,52,8,345.7,341.0,345.7,367.2,350.25714285714287,16.138138796324405,363.9266666666667,20.553126003255723
2025-02-22,372.3,0,0,5,1,2,53,8,359.0,375.8,388.4,367.7,352.8285714285715,15.84873436436749,363.65333333333336,20.562616453220596
2025-02-23,459.0,1,0,6,1,2,54,8,372.3,369.9,387.6,354.2,352.32857142857137,15.037698658780336,363.8066666666667,20.610926685875484
2025-02-24,351.9,0,0,0,0,2,55,9,459.0,340.0,411.6,387.1,365.0571428571429,43.38340147809299,367.3,26.860354068582485
2025-02-25,421.0,1,0,1,0,2,56,9,351.9,333.0,346.3,384.3,366.75714285714287,42.461231617512745,366.12666666666667,26.73413075314769
2025-02-26,365.7,0,0,2,0,2,57,9,421.0,346.4,358.6,361.8,379.3285714285715,43.80676181769464,367.35,28.383224161343332
2025-02-27,326.0,0,0,3,0,2,58,9,365.7,345.7,368.2,340.0,382.0857142857143,41.95717771615013,367.47999999999996,28.365853683123554
2025-02-28,340.5,0,0,4,0,2,59,9,326.0,359.0,341.0,345.3,379.27142857142854,45.329670720389046,367.0133333333333,28.94282989444555
2025-03-01,394.3,0,0,5,1,3,60,9,340.5,372.3,375.8,367.6,376.6285714285714,47.20888737959094,366.85333333333335,29.079946086053468
2025-03-02,440.4,1,0,6,1,3,61,9,394.3,459.0,369.9,330.0,379.7714285714286,47.60335122256515,367.7433333333333,29.509001354154645
2025-03-03,349.1,0,0,0,0,3,62,10,440.4,351.9,340.0,381.3,377.11428571428576,42.7116466775119,371.42333333333335,31.459231234806396
2025-03-04,341.7,0,0,1,0,3,63,10,349.1,421.0,333.0,388.2,376.7142857142857,42.99928017116039,370.35,31.659304346812462
2025-03-05,341.8,0,0,2,0,3,64,10,341.7,365.7,346.4,372.6,365.38571428571424,39.707364076511496,368.8,31.892686438677796
2025-03-06,408.9,1,0,3,0,3,65,10,341.8,326.0,345.7,350.5,361.9714285714286,40.69118308617066,367.7733333333333,32.259774603540315
2025-03-07,367.2,0,0,4,0,3,66,10,408.9,340.5,359.0,394.6,373.81428571428575,40.54053233375974,369.72,32.93643198229126
2025-03-08,424.3,1,0,5,1,3,67,10,367.2,394.3,372.3,367.2,377.62857142857143,38.064143857689714,368.8066666666666,32.600908950024326
2025-03-09,433.3,1,0,6,1,3,68,10,424.3,440.4,459.0,345.7,381.9142857142857,41.7631986550911,370.71000000000004,34.13462545821141
2025-03-10,320.9,0,0,0,0,3,69,11,433.3,349.1,351.9,388.4,380.9,40.1615487749146,373.63,35.63523198494225
2025-03-11,334.6,0,0,1,0,3,70,11,320.9,341.7,421.0,387.6,376.87142857142857,45.005285403889694,371.38,36.78298332203257
2025-03-12,325.2,0,0,2,0,3,71,11,334.6,341.8,365.7,411.6,375.85714285714283,45.999089017893,369.61333333333334,37.246936771371345
2025-03-13,336.4,0,0,3,0,3,72,11,325.2,408.9,326.0,346.3,373.4857142857143,48.412100022321766,366.73333333333335,37.22880172878089
2025-03-14,348.9,0,0,4,0,3,73,11,336.4,367.2,340.5,358.6,363.1285714285714,47.315737842909364,366.40333333333336,37.459334119063534
2025-03-15,418.8,1,0,5,1,3,74,11,348.9,424.3,394.3,368.2,360.5142857142857,47.558224965873606,366.08,37.57070942764471
2025-03-16,373.4,0,0,6,1,3,75,11,418.8,433.3,440.4,341.0,359.7285714285714,46.35909527035227,367.76666666666665,38.78532724105035
2025-03-17,325.2,0,0,0,0,3,76,12,373.4,320.9,349.1,375.8,351.1714285714285,34.53639212413881,368.8466666666667,38.46406055037545
2025-03-18,343.5,0,0,1,0,3,77,12,325.2,334.6,341.7,369.9,351.7857142857143,33.941342959651095,367.15999999999997,39.250026136604006
2025-03-19,340.0,0,0,2,0,3,78,12,343.5,325.2,341.8,340.0,353.0571428571429,33.351854378371286,366.28,39.48174086927937
2025-03-20,322.8,0,0,3,0,3,79,12,340.0,336.4,408.9,333.0,355.1714285714285,31.720798344602517,366.28,39.48174086927937
2025-03-21,314.4,0,0,4,0,3,80,12,322.8,348.9,367.2,346.4,353.22857142857146,33.43245500436575,365.94,39.82068081650054
2025-03-22,370.6,0,0,5,1,3,81,12,314.4,418.8,424.3,345.7,348.3,36.572439532156366,364.87333333333333,40.77919460513703
2025-03-23,342.5,0,0,6,1,3,82,12,370.6,373.4,433.3,359.0,341.41428571428565,23.16753681133738,365.70333333333326,40.628616408442056
2025-03-24,331.5,0,0,0,0,3,83,13,342.5,325.2,320.9,372.3,337.0,18.5386982642593,365.1533333333333,40.833655264974865
2025-03-25,337.5,0,0,1,0,3,84,13,331.5,343.5,334.6,459.0,337.90000000000003,18.015918886730407,363.7933333333333,41.26458725008041
2025-03-26,294.8,0,0,2,0,3,85,13,337.5,340.0,325.2,351.9,337.04285714285714,17.847021893753247,359.7433333333333,37.37746585876235
2025-03-27,392.9,1,0,3,0,3,86,13,294.8,322.8,336.4,421.0,330.5857142857143,23.787071318358816,357.84000000000003,39.200022871210216
2025-03-28,333.5,0,0,4,0,3,87,13,392.9,314.4,348.9,365.7,340.59999999999997,32.9529968288153,356.90333333333336,37.95474149956505
2025-03-29,431.0,1,0,5,1,3,88,13,333.5,370.6,418.8,326.0,343.32857142857137,31.164227049919827,355.83,38.15218301703681
2025-03-30,349.0,0,0,6,1,3,89,13,431.0,342.5,373.4,340.5,351.95714285714286,45.18229214868827,359.33,40.08838639977777
2025-03-31,331.9,0,0,0,0,3,90,14,349.0,331.5,325.2,394.3,352.88571428571424,45.02204750902222,359.61333333333334,39.980605068072094
2025-04-01,331.7,0,0,1,0,4,91,14,331.9,337.5,343.5,440.4,352.9428571428571,44.99062336171931,357.53333333333336,39.736236683247725
2025-04-02,332.5,0,0,2,0,4,92,14,331.7,294.8,340.0,349.1,352.11428571428576,45.374200766933505,353.90999999999997,36.76425691084822
2025-04-03,321.5,0,0,3,0,4,93,14,332.5,392.9,322.8,341.7,357.5,39.263341681521275,353.3566666666667,36.963529867016746
2025-04-04,336.9,0,0,4,0,4,94,14,321.5,333.5,314.4,341.8,347.30000000000007,37.78055055183687,352.68333333333334,37.3649945281932
2025-04-05,373.9,0,0,5,1,4,95,14,336.9,431.0,370.6,408.9,347.7857142857143,37.59496546841517,352.52000000000004,37.42487094857103
2025-04-06,444.3,1,0,6,1,4,96,14,373.9,349.0,342.5,367.2,339.6285714285714,17.184558406283234,351.3533333333333,36.12983038540472
2025-04-07,326.3,0,0,0,0,4,97,15,444.3,331.9,331.5,424.3,353.24285714285713,43.47929994617459,353.92333333333335,39.846859291570944
2025-04-08,393.9,1,0,1,0,4,98,15,326.3,331.7,337.5,433.3,352.4428571428571,43.986015093543294,350.65666666666664,37.84516261470264
2025-04-09,320.5,0,0,2,0,4,99,15,393.9,332.5,294.8,320.9,361.3285714285715,45.3584874191398,349.3433333333333,35.48858663865254
2025-04-10,342.6,0,0,3,0,4,100,15,320.5,321.5,392.9,334.6,359.61428571428576,46.83244703448647,349.33,35.49971490900514
2025-04-11,313.6,0,0,4,0,4,101,15,342.6,336.9,333.5,325.2,362.62857142857143,44.59606538270982,349.59666666666664,35.415197237940816
2025-04-12,356.0,0,0,5,1,4,102,15,313.6,373.9,431.0,336.4,359.3,47.60451659243989,349.21,35.752466517275664
2025-04-13,370.3,0,0,6,1,4,103,15,356.0,444.3,349.0,348.9,356.74285714285713,47.16831058888385,349.86333333333334,35.68933467011335
2025-04-14,325.6,0,0,0,0,4,104,16,370.3,326.3,331.9,418.8,346.17142857142863,29.11000482570012,350.57666666666665,35.88275624032038
2025-04-15,322.4,0,0,1,0,4,105,16,325.6,393.9,331.7,373.4,346.07142857142856,29.190735647101306,347.47,33.74317964291072
2025-04-16,320.6,0,0,2,0,4,106,16,322.4,320.5,332.5,325.2,335.85714285714283,21.03583110970684,345.77000000000004,33.67640276882653
2025-04-17,371.9,1,0,3,0,4,107,16,320.6,342.6,321.5,343.5,335.87142857142857,21.023694116059477,345.6166666666667,33.78359205226665
2025-04-18,321.4,0,0,4,0,4,108,16,371.9,313.6,336.9,340.0,340.0571428571429,25.10682889460096,346.56333333333333,34.118480009532526
2025-04-19,414.4,1,0,5,1,4,109,16,321.4,356.0,373.9,322.8,341.17142857142863,23.880027518527385,345.9433333333333,34.409618576419355
2025-04-20,361.5,0,0,6,1,4,110,16,414.4,370.3,444.3,314.4,349.5142857142857,36.68980006175185,348.9966666666667,36.29745391786443
2025-04-21,298.1,0,0,0,0,4,111,17,361.5,325.6,326.3,370.6,348.2571428571428,36.003233981723874,350.56666666666666,35.76412509314484
2025-04-22,301.2,0,0,1,0,4,112,17,298.1,322.4,393.9,342.5,344.32857142857137,40.14920980067918,348.15,36.79829222049277
2025-04-23,329.3,0,0,2,0,4,113,17,301.2,320.6,320.5,331.5,341.3,42.79166585524075,346.77333333333337,37.776492720987235
2025-04-24,335.0,0,0,3,0,4,114,17,329.3,371.9,342.6,337.5,342.5428571428571,42.21267018099462,346.7,37.80928548604784
2025-04-25,315.6,0,0,4,0,4,115,17,335.0,321.4,313.6,294.8,337.2714285714286,40.19119780439864,346.6166666666667,37.833009518082925
2025-04-26,339.3,0,0,5,1,4,116,17,315.6,414.4,356.0,392.9,336.4428571428571,40.630319431955925,347.31,37.03279394788027
2025-04-27,366.8,0,0,6,1,4,117,17,339.3,361.5,370.3,333.5,325.7142857142857,22.47245933518101,345.52333333333337,36.037027732820064
2025-04-28,322.5,0,0,0,0,4,118,18,366.8,298.1,325.6,431.0,326.4714285714286,23.921657849857493,346.6333333333333,36.166533714464414
2025-04-29,317.3,0,0,1,0,4,119,18,322.5,301.2,322.4,349.0,329.95714285714286,20.652914010927997,343.01666666666665,32.69757012308366
2025-04-30,294.7,0,0,2,0,4,120,18,317.3,329.3,320.6,331.9,332.25714285714287,17.585302304560532,341.96,33.00828109262287
2025-05-01,297.9,0,0,3,0,5,121,18,294.7,335.0,371.9,331.7,327.3142857142857,22.67975812418117,340.72,34.0805475915203
2025-05-02,289.8,0,0,4,0,5,122,18,297.9,315.6,321.4,332.5,322.0142857142857,24.818435927848153,339.5933333333333,34.936957344704425
2025-05-03,342.5,0,0,5,1,5,123,18,289.8,339.3,414.4,321.5,318.3285714285715,27.680481347313957,338.17,36.08678380677877
2025-05-04,352.1,0,0,6,1,5,124,18,342.5,366.8,361.5,336.9,318.7857142857143,28.107675616659872,338.87,35.95571174231572
2025-05-05,299.3,0,0,0,0,5,125,19,352.1,322.5,298.1,373.9,316.6857142857143,24.200029515919592,339.37666666666667,36.034003896064036
2025-05-06,285.0,0,0,1,0,5,126,19,299.3,317.3,301.2,444.3,313.37142857142857,24.850936554162384,336.89000000000004,36.14330051909677
2025-05-07,302.4,0,0,2,0,5,127,19,285.0,294.7,329.3,326.3,308.75714285714287,26.913061088304712,331.58,31.18000464488609
2025-05-08,301.5,0,0,3,0,5,128,19,302.4,297.9,335.0,393.9,309.85714285714283,26.3951294208386,330.78333333333336,31.621763384418895
2025-05-09,293.4,0,0,4,0,5,129,19,301.5,289.8,315.6,320.5,310.37142857142857,26.157326206737483,327.7033333333333,29.703912238942454
2025-05-10,348.9,0,0,5,1,5,130,19,293.4,342.5,339.3,342.6,310.88571428571424,25.717142698429566,326.8,30.335878382557578
2025-05-11,331.25,1,0,6,1,5,131,19,348.9,352.1,366.8,313.6,311.8,27.10473513367407,327.01,30.470532401445354
2025-05-12,313.6,0,0,0,0,5,132,20,331.25,299.3,322.5,356.0,308.82142857142856,22.730703485645666,327.5983333333333,30.372919208800344
2025-05-13,313.9,0,0,1,0,5,133,20,313.6,285.0,317.3,370.3,310.86428571428576,22.372131367054006,326.185,29.98981766855291
2025-05-14,291.3,0,0,2,0,5,134,20,313.9,302.4,294.7,325.6,314.99285714285713,19.25275799661293,324.305,28.8760978295547
2025-05-15,314.4,0,0,3,0,5,135,20,291.3,301.5,297.9,322.4,313.40714285714284,20.853385587864278,323.1616666666667,29.495457520909223
2025-05-16,303.0,0,0,4,0,5,136,20,314.4,293.4,289.8,320.6,315.25,20.18503983977454,322.89500000000004,29.53871320125762
2025-05-17,311.15,1,0,5,1,5,137,20,303.0,348.9,342.5,371.9,316.62142857142857,18.726493201317677,322.30833333333334,29.75981461790208
2025-05-18,319.3,0,0,6,1,5,138,20,311.15,331.25,352.1,321.4,311.2285714285714,12.169218584294587,320.28333333333336,28.30005889275282
2025-05-19,307.3,0,0,0,0,5,139,21,319.3,313.6,299.3,414.4,309.5214285714286,9.420096299172169,320.21333333333337,28.29979874831881
2025-05-20,291.9,0,0,1,0,5,140,21,307.3,313.9,285.0,361.5,308.62142857142857,9.265161320002946,316.6433333333333,22.080385012467413
2025-05-21,319.4,0,0,2,0,5,141,21,291.9,291.3,302.4,298.1,305.4785714285714,10.783160372498294,314.3233333333333,20.82554686674028
2025-05-22,299.75,1,0,3,0,5,142,21,319.4,314.4,301.5,301.2,309.49285714285713,9.811830808237932,315.03333333333336,20.61540407213539
2025-05-23,280.1,0,0,4,0,5,143,21,299.75,303.0,293.4,329.3,307.4,10.147372402086832,314.98499999999996,20.650624729631865
2025-05-24,329.0,0,0,5,1,5,144,21,280.1,311.15,348.9,335.0,304.1285714285714,14.542061326339532,313.345,21.41410810335126
2025-05-25,328.0,0,0,6,1,5,145,21,329.0,319.3,331.25,315.6,306.67857142857144,17.284864697735284,313.14500000000004,21.232129808543508
2025-05-26,292.0,0,0,0,0,5,146,22,328.0,307.3,313.6,339.3,307.9214285714285,18.605954627995125,313.55833333333334,21.40159147858021
2025-05-27,350.4,1,0,1,0,5,147,22,292.0,291.9,313.9,366.8,305.7357142857142,19.565077610495987,311.9816666666666,21.180966908886557
2025-05-28,300.7,0,0,2,0,5,148,22,350.4,319.4,291.3,322.5,314.09285714285716,24.53341986915285,311.435,19.889627126754394
2025-05-29,298.9,0,0,3,0,5,149,22,300.7,299.75,314.4,317.3,311.4214285714285,24.874951543383414,310.7083333333333,19.869648849495146
2025-05-30,306.8,0,0,4,0,5,150,22,298.9,280.1,303.0,294.7,311.3,24.943402601355178,310.095,19.943010831728184
2025-05-31,332.7,0,0,5,1,5,151,22,306.8,329.0,311.15,297.9,315.11428571428576,21.126636313069667,310.49833333333333,19.742268165000585
2025-06-01,360.7,1,0,6,1,6,152,22,332.7,328.0,319.3,289.8,315.64285714285717,21.57350668009588,311.65833333333336,19.99722861545558
2025-06-02,309.3,0,0,0,0,6,153,23,360.7,292.0,307.3,342.5,320.3142857142857,27.438381182291067,314.02166666666665,21.460889380182984
2025-06-03,301.5,0,0,1,0,6,154,23,309.3,350.4,291.9,352.1,322.7857142857143,25.14639991273834,312.91499999999996,20.787148508234438
2025-06-04,294.1,0,0,2,0,6,155,23,301.5,300.7,319.4,299.3,315.8,22.887332741058977,311.2283333333333,19.511758980309587
2025-06-05,275.3,0,0,3,0,6,156,23,294.1,298.9,299.75,285.0,314.85714285714283,23.73337011768048,311.055,19.644027564770465
2025-06-06,288.2,0,0,4,0,6,157,23,275.3,306.8,280.1,302.4,311.4857142857143,27.719453371920093,310.7316666666666,20.160705564303033
2025-06-07,314.6,0,0,5,1,6,158,23,288.2,332.7,329.0,301.5,308.8285714285715,29.10055636843293,310.2583333333333,20.526438306247247
2025-06-08,331.4,0,0,6,1,6,159,23,314.6,360.7,328.0,293.4,306.24285714285713,27.37918048096929,310.695,20.472965142452683
2025-06-09,278.8,0,0,0,0,6,160,24,331.4,309.3,292.0,348.9,302.0571428571429,18.449829009401782,311.9616666666667,20.54144122186194
2025-06-10,316.1,0,0,1,0,6,161,24,278.8,301.5,350.4,331.25,297.7,19.991331454740923,309.625,20.17853823180357
2025-06-11,299.6,0,0,2,0,6,162,24,316.1,294.1,300.7,313.6,299.7857142857143,21.18013444806412,309.12,19.804791304647328
2025-06-12,305.6,0,0,3,0,6,163,24,299.6,275.3,298.9,313.9,300.57142857142856,21.03558209999643,308.65333333333336,19.86045253040797
2025-06-13,299.1,0,0,4,0,6,164,24,305.6,288.2,306.8,291.3,304.90000000000003,17.844046626255174,308.3766666666667,19.842647093523222
2025-06-14,292.6,0,0,5,1,6,165,24,299.1,314.6,332.7,314.4,306.4571428571429,16.574262893901388,308.63666666666666,19.661448947434884
2025-06-15,304.1,1,0,6,1,6,166,24,292.6,331.4,360.7,303.0,303.3142857142857,16.856297396069316,307.90999999999997,19.84311050422043
2025-06-16,315.6,0,0,0,0,6,167,25,304.1,278.8,309.3,311.15,299.4142857142857,11.620015572482703,307.94666666666666,19.834739349369222
2025-06-17,291.5,0,0,1,0,6,168,25,315.6,316.1,301.5,319.3,304.6714285714285,8.695921320884672,308.095,19.876117838873167
2025-06-18,302.8,0,0,2,0,6,169,25,291.5,299.6,294.1,307.3,301.1571428571429,8.267780262934307,307.1683333333333,19.98346076191341
2025-06-19,320.0,0,0,3,0,6,170,25,302.8,305.6,275.3,291.9,301.61428571428576,8.255791617892859,307.0183333333334,19.999321037324425
2025-06-20,309.4,0,0,4,0,6,171,25,320.0,299.1,288.2,319.4,303.67142857142863,10.812602875919923,307.95500000000004,19.924730561063523
2025-06-21,318.4,0,0,5,1,6,172,25,309.4,292.6,314.6,299.75,305.14285714285717,10.787625185499602,307.6216666666667,19.809975209879397
2025-06-22,326.7,0,0,6,1,6,173,25,318.4,304.1,331.4,280.1,308.8285714285715,10.178197988135034,308.2433333333334,19.84703023616749
2025-06-23,315.9,0,0,0,0,6,174,26,326.7,315.6,278.8,329.0,312.0571428571429,11.87179530692304,309.79666666666674,19.386673050164326
2025-06-24,323.0,0,0,1,0,6,175,26,315.9,291.5,316.1,328.0,312.09999999999997,11.88724806953328,309.36,19.084396948724798
2025-06-25,305.1,0,0,2,0,6,176,26,323.0,302.8,299.6,292.0,316.59999999999997,8.170475302368567,309.1933333333334,18.93726363609413
2025-06-26,299.2,0,0,3,0,6,177,26,305.1,320.0,305.6,350.4,316.92857142857144,7.545354925537192,309.63000000000005,18.676375451354172
2025-06-27,310.6,0,0,4,0,6,178,26,299.2,309.4,299.1,300.7,313.95714285714286,9.871314863928198,307.92333333333335,17.094679215218072
2025-06-28,341.6,0,0,5,1,6,179,26,310.6,318.4,292.6,298.9,314.12857142857143,9.789060950145656,308.25333333333333,17.045916354592396
2025-06-29,360.6,0,0,6,1,6,180,26,341.6,326.7,304.1,306.8,317.4428571428571,14.343971688813053,309.6766666666667,17.99432254012653
2025-06-30,296.6,0,0,0,0,6,181,27,360.6,315.9,315.6,332.7,322.2857142857143,21.783665789715773,311.47,20.23866477127587
2025-07-01,296.2,0,0,1,0,7,182,27,296.6,323.0,291.5,360.7,319.5285714285714,23.84999750424146,310.26666666666665,20.004712088582313
2025-07-02,291.2,0,0,2,0,7,183,27,296.2,305.1,302.8,309.3,315.7,25.30645503950754,308.1166666666667,17.7347716770396
2025-07-03,319.4,0,0,3,0,7,184,27,291.2,299.2,320.0,301.5,313.7142857142857,26.779309710509388,307.5133333333334,17.999037011275846
2025-07-04,290.6,0,0,4,0,7,185,27,319.4,310.6,309.4,294.1,316.59999999999997,26.032543735357127,308.11,18.089287170719913
2025-07-05,338.8,0,0,5,1,7,186,27,290.6,341.6,318.4,275.3,313.7428571428572,27.83587955276685,307.9933333333334,18.19374529381008
2025-07-06,329.2,0,0,6,1,7,187,27,338.8,360.6,326.7,288.2,313.34285714285716,27.385328014762656,310.11,17.95122414421386
2025-07-07,313.2,0,0,0,0,7,188,28,329.2,296.6,315.9,314.6,308.85714285714283,19.904342670453072,311.4766666666667,17.785594390293415
2025-07-08,368.2,1,0,1,0,7,189,28,313.2,296.2,323.0,331.4,311.2285714285714,19.176175695004247,311.43,17.77895210441209
2025-07-09,298.4,0,0,2,0,7,190,28,368.2,291.2,305.1,278.8,321.5142857142857,27.342483950280847,312.6566666666667,20.29568806478197
2025-07-10,309.4,0,0,3,0,7,191,28,298.4,319.4,299.2,316.1,322.54285714285714,26.120161889674275,313.31000000000006,19.46677718044382
2025-07-11,293.7,0,0,4,0,7,192,28,309.4,290.6,310.6,299.6,321.1142857142857,26.589937230176005,313.0866666666667,19.472097337282097
2025-07-12,333.7,0,0,5,1,7,193,28,293.7,338.8,341.6,305.6,321.5571428571429,26.016652176560456,312.89000000000004,19.642061658767933
2025-07-13,355.7,0,0,6,1,7,194,28,333.7,329.2,360.6,299.1,320.82857142857137,25.51997350349303,313.82666666666665,19.950022613992083
2025-07-14,308.4,0,0,0,0,7,195,29,355.7,313.2,296.6,292.6,324.61428571428576,28.732178741578693,315.7133333333333,21.149561556281352
2025-07-15,281.6,0,0,1,0,7,196,29,308.4,368.2,296.2,304.1,323.92857142857144,29.104851501980107,316.23999999999995,20.74704133455845
2025-07-16,296.2,0,0,2,0,7,197,29,281.6,298.4,291.2,315.6,311.5571428571428,25.307894495779017,315.49,21.590568662551696
2025-07-17,290.1,0,0,3,0,7,198,29,296.2,309.4,319.4,291.5,311.24285714285713,25.51136068126282,314.8433333333333,21.87580435302664
2025-07-18,306.7,0,0,4,0,7,199,29,290.1,293.7,290.6,302.8,308.4857142857143,26.75627207288152,314.7966666666667,21.92874799220631
2025-07-19,322.9,0,0,5,1,7,200,29,306.7,333.7,338.8,320.0,310.34285714285716,25.999413912807423,314.9266666666666,21.86664809362697
2025-07-20,327.5,0,0,6,1,7,201,29,322.9,355.7,329.2,309.4,308.8,24.66873865171526,315.0233333333333,21.89623937690032
2025-07-21,316.2,0,0,0,0,7,202,30,327.5,308.4,313.2,318.4,304.7714285714286,16.771773339523566,315.62666666666667,21.985134998891542
2025-07-22,278.5,0,0,1,0,7,203,30,316.2,281.6,368.2,326.7,305.88571428571424,17.30370177846536,315.55333333333334,21.979233668252032
2025-07-23,319.5,0,0,2,0,7,204,30,278.5,296.2,298.4,315.9,305.4428571428571,18.052318146879692,313.9466666666667,22.87957579383176
2025-07-24,297.8,0,0,3,0,7,205,30,319.5,290.1,309.4,323.0,308.7714285714286,18.211417141059567,314.06666666666666,22.899605979643702
2025-07-25,310.3,0,0,4,0,7,206,30,297.8,306.7,293.7,305.1,309.87142857142857,17.093928189633377,313.22666666666663,23.022476773395905
2025-07-26,344.5,0,0,5,1,7,207,30,310.3,322.9,333.7,299.2,310.38571428571424,17.036669135663104,313.4,22.97871578897066
2025-07-27,320.3,0,0,6,1,7,208,30,344.5,327.5,355.7,310.6,313.47142857142853,21.142430819381552,314.90999999999997,23.49599158770705
2025-07-28,313.9,0,0,0,0,7,209,31,320.3,316.2,308.4,341.6,312.4428571428571,20.51193613020185,315.23333333333335,23.501376824425062
2025-07-29,292.3,0,0,1,0,7,210,31,313.9,278.5,281.6,360.6,312.11428571428576,20.460077270252885,314.31,22.967838833673493
2025-07-30,394.2,1,0,2,0,7,211,31,292.3,319.5,296.2,296.6,314.0857142857143,17.064429726911904,312.03333333333325,21.56330429117873
2025-07-31,264.2,0,0,3,0,7,212,31,394.2,297.8,290.1,296.2,324.75714285714287,34.97379290949324,315.2866666666667,26.050319123510302
2025-08-01,322.1,0,0,4,0,8,213,31,264.2,310.3,306.7,291.2,319.95714285714286,41.06538920400159,314.22,27.474984233310025
2025-08-02,342.5,0,0,5,1,8,214,31,322.1,344.5,322.9,319.4,321.64285714285717,40.8444960446667,315.24999999999994,27.159627111349142
2025-08-03,338.4,0,0,6,1,8,215,31,342.5,320.3,327.5,290.6,321.35714285714283,40.66455693200318,316.0199999999999,27.60513945152019
2025-08-04,318.3,0,0,0,0,8,216,32,338.4,313.9,316.2,338.8,323.9428571428571,41.15858991522251,317.61333333333334,27.466465237515077
2025-08-05,314.8,0,0,1,0,8,217,32,318.3,292.3,278.5,329.2,324.57142857142856,41.01299445646032,316.93,27.17464779456335
2025-08-06,328.3,0,0,2,0,8,218,32,314.8,394.2,319.5,313.2,327.7857142857143,38.88896281172014,316.44999999999993,27.07744639821528
2025-08-07,309.0,0,0,3,0,8,219,32,328.3,264.2,297.8,368.2,318.3714285714286,25.958666779176557,316.9533333333333,27.155182820650175
2025-08-08,310.0,0,0,4,0,8,220,32,309.0,322.1,310.3,298.4,324.7714285714286,12.31309794293503,314.97999999999996,25.396801319089864
2025-08-09,355.1,0,0,5,1,8,221,32,310.0,342.5,344.5,309.4,323.04285714285714,13.538938553032537,315.3666666666667,25.223379047515778
2025-08-10,447.1,1,0,6,1,8,222,32,355.1,338.4,320.3,293.7,324.84285714285716,16.96180583377805,316.89000000000004,26.21125515025311
2025-08-11,312.8,0,0,0,0,8,223,33,447.1,318.3,313.9,333.7,340.3714285714286,49.66768615124874,322.0033333333333,35.01543978002351
2025-08-12,325.7,0,0,1,0,8,224,33,312.8,314.8,292.3,355.7,339.5857142857143,50.11651186889069,321.3066666666667,34.982596001275446
2025-08-13,296.9,0,0,2,0,8,225,33,325.7,328.3,394.2,308.4,341.14285714285717,49.382009448206475,320.3066666666667,34.389291971466896
2025-08-14,326.5,0,0,3,0,8,226,33,296.9,309.0,264.2,281.6,336.65714285714284,52.094684858208865,319.92333333333335,34.590099075066775
2025-08-15,331.2,0,0,4,0,8,227,33,326.5,310.0,322.1,296.2,339.15714285714284,50.953634386005845,321.42,33.83792404164628
2025-08-16,392.9,1,0,5,1,8,228,33,331.2,355.1,342.5,290.1,342.1857142857143,49.54225228938079,322.5866666666667,33.54046175461202
2025-08-17,388.7,0,1,6,1,8,229,33,392.9,447.1,338.4,306.7,347.5857142857143,53.11567341100596,326.0133333333333,35.311536977001005
2025-08-18,384.5,1,0,0,0,8,230,34,388.7,312.8,318.3,322.9,339.24285714285713,37.03088157843517,328.74666666666667,36.902814894346285
2025-08-19,327.3,0,0,1,0,8,231,34,384.5,325.7,314.8,327.5,349.4857142857142,38.38899271802582,330.8,38.25525882262668
2025-08-20,300.0,0,0,2,0,8,232,34,327.3,296.9,328.3,316.2,349.7142857142857,38.228193285906656,330.7933333333333,38.255871159351074
2025-08-21,307.4,0,0,3,0,8,233,34,300.0,326.5,309.0,278.5,350.15714285714284,37.52589582065607,330.2533333333333,38.5819122649842
2025-08-22,295.3,0,0,4,0,8,234,34,307.4,331.2,310.0,319.5,347.42857142857144,40.13633907428025,331.21666666666664,37.593277859609884
2025-08-23,354.8,0,0,5,1,8,235,34,295.3,392.9,355.1,297.8,342.3,44.60093422040871,330.40999999999997,38.10945533862753
2025-08-24,356.7,0,0,6,1,8,236,34,354.8,388.7,447.1,310.3,336.85714285714283,39.42075837012897,332.31,37.84758316886413
2025-08-25,325.7,0,0,0,0,8,237,35,356.7,384.5,312.8,344.5,332.2857142857143,33.871690665972686,333.8566666666667,37.86519358272742
2025-08-26,351.5,0,0,1,0,8,238,35,325.7,327.3,325.7,320.3,323.8857142857143,24.85581277229451,333.2300000000001,37.83853308740769
2025-08-27,304.7,0,0,2,0,8,239,35,351.5,300.0,296.9,313.9,327.34285714285716,27.00029982196704,334.27000000000004,37.89961468278271
2025-08-28,309.5,0,0,3,0,8,240,35,304.7,307.4,326.5,292.3,328.0142857142857,26.255185428876395,333.9633333333333,38.10677814024476
2025-08-29,372.5,1,0,4,0,8,241,35,309.5,295.3,331.2,394.2,328.3142857142857,25.99105157366055,334.5366666666667,37.584126173556776
2025-08-30,385.4,0,0,5,1,8,242,35,372.5,354.8,392.9,264.2,339.3428571428571,26.026387708300092,333.81333333333333,36.59198831978597
2025-08-31,339.3,0,0,6,1,8,243,35,385.4,356.7,388.7,322.1,343.7142857142857,31.12557515245808,337.8533333333333,35.30934948309714
2025-09-01,331.95000000000005,0,0,0,0,9,244,36,339.3,325.7,384.5,342.5,341.2285714285714,30.60613850660692,338.4266666666667,35.184155263543666
2025-09-02,324.6,0,0,1,0,9,245,36,331.95000000000005,351.5,327.3,338.4,342.12142857142857,30.165624159832518,338.075,35.19476045937882
2025-09-03,333.6,0,0,2,0,9,246,36,324.6,304.7,300.0,318.3,338.27857142857147,30.48349084809043,337.61499999999995,35.28044576600794
2025-09-04,292.4,0,0,3,0,9,247,36,333.6,309.5,307.4,314.8,342.40714285714284,26.927409031370736,338.125,35.10174067301811
2025-09-05,339.8,0,0,4,0,9,248,36,292.4,372.5,295.3,328.3,339.9642857142858,30.893833180285736,337.37833333333333,35.845371180354974
2025-09-06,358.1,0,0,5,1,9,249,36,339.8,385.4,354.8,309.0,335.29285714285714,27.432560163841128,337.76166666666666,35.80640879674324
2025-09-07,362.3,0,0,6,1,9,250,36,358.1,339.3,356.7,310.0,331.39285714285717,20.075865040958323,339.39833333333337,35.56777038598059
2025-09-08,341.8,0,0,0,0,9,251,37,362.3,331.95000000000005,325.7,355.1,334.67857142857144,23.221395614510808,341.14166666666665,35.358250471944096
2025-09-09,376.4,1,0,1,0,9,252,37,341.8,324.6,351.5,447.1,336.0857142857143,23.326696334986362,340.6983333333333,35.26044595365362
2025-09-10,376.8,1,0,2,0,9,253,37,376.4,333.6,304.7,312.8,343.4857142857143,27.002495475504638,338.34166666666664,29.851558277737322
2025-09-11,323.7,0,0,3,0,9,254,37,376.8,292.4,309.5,325.7,349.6571428571429,29.212774439892943,340.475,30.24753267224574
2025-09-12,349.7,0,0,4,0,9,255,37,323.7,339.8,372.5,296.9,354.12857142857143,19.898719748237795,340.40833333333336,30.283402997787245
2025-09-13,369.3,0,0,5,1,9,256,37,349.7,358.1,385.4,326.5,355.5428571428571,19.04405919115062,342.1683333333333,29.18188054767553
2025-09-14,352.1,0,0,6,1,9,257,37,369.3,362.3,339.3,331.2,357.14285714285717,19.752034253279106,343.59499999999997,29.434586593512535
2025-09-15,383.4,0,0,0,0,9,258,38,352.1,341.8,331.95000000000005,392.9,355.68571428571425,19.684293956636747,344.2916666666667,29.378381928087823
2025-09-16,313.1,0,0,1,0,9,259,38,383.4,376.4,324.6,388.7,361.62857142857143,21.027261216943035,343.975,28.883400405171663
2025-09-17,342.3,0,0,2,0,9,260,38,313.1,376.8,333.6,384.5,352.5857142857143,26.511911069768125,341.455,28.134959079652948
2025-09-18,381.0,1,0,3,0,9,261,38,342.3,323.7,292.4,327.3,347.65714285714284,24.381403920667378,340.04833333333335,26.93810428823139
2025-09-19,348.4,0,0,4,0,9,262,38,381.0,349.7,339.8,300.0,355.84285714285716,24.615297218248543,341.83833333333337,27.83112770873977
2025-09-20,358.4,0,0,5,1,9,263,38,348.4,369.3,358.1,307.4,355.6571428571429,24.674200908561314,343.4516666666667,26.7021259754565
2025-09-21,376.2,0,0,6,1,9,264,38,358.4,352.1,362.3,295.3,354.09999999999997,24.004582895769325,345.15166666666664,25.940337658096237
2025-09-22,332.1,0,0,0,0,9,265,39,376.2,383.4,341.8,354.8,357.54285714285714,25.35993277743543,347.84833333333336,24.757292493508867
2025-09-23,408.4,1,0,1,0,9,266,39,332.1,313.1,376.4,356.7,350.2142857142857,24.01925814642559,347.09166666666664,24.88406942040419
2025-09-24,358.8,0,0,2,0,9,267,39,408.4,342.3,376.8,325.7,363.8285714285715,26.369851111048906,348.815,27.250172887777218
2025-09-25,352.4,0,0,3,0,9,268,39,358.8,381.0,323.7,351.5,366.18571428571425,24.816421214683558,349.9183333333333,26.950441373562718
2025-09-26,340.7,0,0,4,0,9,269,39,352.4,348.4,349.7,304.7,362.09999999999997,24.32029330963157,349.9483333333333,26.952763543719115
2025-09-27,357.9,0,0,5,1,9,270,39,340.7,358.4,369.3,309.5,361.0,25.20138885061388,351.14833333333337,25.63807272375329
2025-09-28,375.7,0,0,6,1,9,271,39,357.9,376.2,352.1,372.5,360.92857142857144,25.21069312055687,352.76166666666666,24.420828035797232
2025-09-29,338.4,0,0,0,0,9,272,40,375.7,332.1,383.4,385.4,360.85714285714283,25.160872874552062,352.8683333333334,24.516815071789505
2025-09-30,346.2,0,0,1,0,9,273,40,338.4,408.4,313.1,339.3,361.7571428571428,24.048898598675333,351.3016666666667,23.85917189118872
2025-10-01,354.0,0,0,2,0,10,274,40,346.2,358.8,342.3,331.95000000000005,352.87142857142857,12.805430395692015,351.53166666666664,23.772588109043905
2025-10-02,354.6,0,0,3,0,10,275,40,354.0,352.4,381.0,324.6,352.1857142857143,12.561240460425426,352.26666666666665,23.48542223319014
2025-10-03,344.8,0,0,4,0,10,276,40,354.6,340.7,348.4,333.6,352.5,12.594972541978784,353.26666666666665,22.89811516611962
2025-10-04,364.3,0,0,5,1,10,277,40,344.8,357.9,358.4,292.4,353.08571428571435,12.03777783637661,353.64000000000004,22.656438530724767
2025-10-05,433.9,1,0,6,1,10,278,40,364.3,375.7,376.2,339.8,354.0,12.689759650988767,356.0366666666667,19.54401722255079
2025-10-06,331.9,0,0,0,0,10,279,41,433.9,338.4,332.1,358.1,362.3142857142857,32.64814586728121,359.1733333333333,23.911473704324557
2025-10-07,348.9,0,0,1,0,10,280,41,331.9,346.2,408.4,362.3,361.3857142857143,33.52240189144079,358.29999999999995,24.424973087903048
2025-10-08,361.6,0,0,2,0,10,281,41,348.9,354.0,358.8,341.8,361.77142857142854,33.33355238023032,357.85333333333335,24.471781544341706
2025-10-09,359.9,1,0,3,0,10,282,41,361.6,354.6,352.4,376.4,362.85714285714283,33.16156696854607,358.5133333333333,24.29022413453009
2025-10-10,358.6,0,0,4,0,10,283,41,359.9,344.8,340.7,376.8,363.61428571428576,33.00173877092845,357.96333333333337,24.056936534028168
2025-10-11,384.4,0,0,5,1,10,284,41,358.6,364.3,357.9,323.7,365.5857142857143,32.09010380015305,357.3566666666666,23.793576115577416
2025-10-12,378.5,0,0,6,1,10,285,41,384.4,433.9,375.7,349.7,368.45714285714286,32.84625078263909,359.38000000000005,23.410613567059027
2025-10-13,451.7,1,0,0,0,10,286,42,378.5,331.9,338.4,369.3,360.54285714285714,17.573166774262354,360.34000000000003,23.589793234099112
2025-10-14,415.75,0,0,1,0,10,287,42,451.7,348.9,346.2,352.1,377.65714285714284,34.86119414395703,363.0866666666667,28.874230646066792
2025-10-15,379.8,0,0,2,0,10,288,42,415.75,361.6,354.0,383.4,387.20714285714286,34.82693436325743,365.2083333333333,30.34036256498392
2025-10-16,354.6,0,0,3,0,10,289,42,379.8,359.9,354.6,313.1,389.8071428571428,33.239815840985564,365.0883333333333,30.27297555329736
2025-10-17,345.2,0,0,4,0,10,290,42,354.6,358.6,344.8,342.3,389.05000000000007,34.08422166731177,366.47166666666664,28.723982780623842
2025-10-18,468.9,1,0,5,1,10,291,42,345.2,384.4,364.3,381.0,387.13571428571424,36.37850457671232,366.5683333333333,28.644601354907614
2025-10-19,461.9,1,0,6,1,10,292,42,468.9,378.5,433.9,348.4,399.2071428571429,47.60646339671339,369.4983333333333,34.14009293195124
2025-10-20,359.7,0,0,0,0,10,293,43,461.9,451.7,331.9,358.4,411.12142857142857,51.810888954788645,373.28166666666664,37.81276577753995
2025-10-21,380.0,0,0,1,0,10,294,43,359.7,415.75,348.9,376.2,397.9785714285714,51.4694234241924,373.325,37.79586446543623
2025-10-22,369.4,0,0,2,0,10,295,43,380.0,379.8,361.6,332.1,392.87142857142857,51.18501454806363,373.45166666666665,37.81219581429807
2025-10-23,383.5,0,0,3,0,10,296,43,369.4,354.6,359.9,408.4,391.3857142857143,51.775200903243274,374.695,37.010334880017034
2025-10-24,350.9,0,0,4,0,10,297,43,383.5,345.2,358.6,358.8,395.5142857142857,49.45319095101811,373.86499999999995,36.50414041230597
2025-10-25,397.7,0,0,5,1,10,298,43,350.9,468.9,384.4,352.4,396.3285714285715,48.52486353357568,373.60166666666663,36.64478718946108
2025-10-26,378.05,1,0,6,1,10,299,43,397.7,461.9,378.5,340.7,386.15714285714284,36.830777760943064,375.1116666666667,36.67433022055629
2025-10-27,358.4,0,0,0,0,10,300,44,378.05,359.7,451.7,357.9,374.17857142857144,15.617187570714064,376.3566666666666,36.095256478239044
2025-10-28,363.7,0,0,1,0,10,301,44,358.4,380.0,415.75,375.7,373.99285714285713,15.824412273741565,376.37333333333333,36.0865547923542
2025-10-29,367.3,0,0,2,0,10,302,44,363.7,369.4,379.8,338.4,371.6642857142857,15.99152677424058,375.9733333333333,36.16070627298217
2025-10-30,378.8,0,0,3,0,10,303,44,367.3,383.5,354.6,346.2,371.3642857142857,16.06063288202722,376.93666666666667,35.504217654587755
2025-10-31,368.8,0,0,4,0,10,304,44,378.8,350.9,345.2,354.0,370.6928571428571,15.55914598586153,378.02333333333337,35.02670836448308
2025-11-01,438.7,0,0,5,1,11,305,44,368.8,397.7,468.9,354.6,373.25,13.029293917930497,378.51666666666665,34.78004117835099
2025-11-02,401.7,0,0,6,1,11,306,44,438.7,378.05,461.9,344.8,379.10714285714283,27.27737812075536,381.32,36.148235517580375
2025-11-03,388.1,0,0,0,0,11,307,45,401.7,358.4,359.7,364.3,382.4857142857142,28.559144978527623,383.21666666666664,35.65537472985545
2025-11-04,368.1,0,0,1,0,11,308,45,388.1,363.7,380.0,433.9,386.72857142857146,26.51771196047718,384.01,35.484329712880196
2025-11-05,389.6,0,0,2,0,11,309,45,368.1,367.3,369.4,331.9,387.35714285714283,25.92642520304928,381.81666666666666,34.30833148369911
2025-11-06,367.1,0,0,3,0,11,310,45,389.6,378.8,383.5,348.9,390.54285714285714,24.374772282204013,383.74,33.00612116687959
2025-11-07,351.2,0,0,4,0,11,311,45,367.1,368.8,350.9,361.6,388.87142857142857,25.680389034283774,384.34666666666664,32.50715553412078
2025-11-08,422.4,0,0,5,1,11,312,45,351.2,438.7,397.7,359.9,386.35714285714295,28.661580390410762,384.0,32.81212191900373
2025-11-09,484.0,1,0,6,1,11,313,45,422.4,401.7,378.05,358.6,384.0285714285714,23.980110806364266,386.0833333333333,33.21090736213138
2025-11-10,376.1,0,0,0,0,11,314,46,484.0,388.1,358.4,384.4,395.7857142857143,45.02715582739515,390.2633333333334,37.27536612214846
2025-11-11,355.3,0,0,1,0,11,315,46,376.1,368.1,363.7,378.5,394.07142857142856,45.593410133689446,389.9866666666666,37.35111117151817
2025-11-12,391.3,0,0,2,0,11,316,46,355.3,389.6,367.3,451.7,392.24285714285713,47.04228088088377,389.2133333333333,37.83418435419362
2025-11-13,372.8,0,0,3,0,11,317,46,391.3,367.1,378.8,415.75,392.4857142857143,47.03074981935968,387.2,35.9547152919352
2025-11-14,376.7,0,0,4,0,11,318,46,372.8,351.2,368.8,379.8,393.30000000000007,46.56500832169763,385.7683333333334,35.63235280039664
2025-11-15,431.1,0,0,5,1,11,319,46,376.7,422.4,438.7,354.6,396.9428571428571,43.627317785335116,385.66499999999996,35.65474565792069
2025-11-16,476.7,1,0,6,1,11,320,46,431.1,484.0,401.7,345.2,398.1857142857143,44.586785358121375,388.21500000000003,36.089350683527165
2025-11-17,393.6,0,0,0,0,11,321,47,476.7,376.1,388.1,468.9,397.14285714285717,42.270314924415736,392.59833333333336,38.58429751035777
2025-11-18,378.2,0,0,1,0,11,322,47,393.6,355.3,368.1,461.9,399.64285714285717,41.32528915578544,390.0883333333333,35.79816428382798
2025-11-19,436.9,1,0,2,0,11,323,47,378.2,391.3,389.6,359.7,402.9142857142857,38.002781853058785,387.29833333333335,33.1738588487912
2025-11-20,399.7,0,0,3,0,11,324,47,436.9,372.8,367.1,380.0,409.42857142857144,39.5566140396956,389.87166666666667,33.944497505774386
2025-11-21,380.6,0,0,4,0,11,325,47,399.7,376.7,351.2,369.4,413.27142857142854,36.60139862016341,390.52833333333336,33.93749244829595
2025-11-22,427.7,0,0,5,1,11,326,47,380.6,431.1,422.4,383.5,413.8285714285715,35.97627525122769,390.9016666666667,33.75818287348305
2025-11-23,425.8,0,0,6,1,11,327,47,427.7,476.7,484.0,350.9,413.34285714285716,35.72631416490152,392.375,34.38275617826149
2025-11-24,399.0,0,0,0,0,11,328,48,425.8,393.6,376.1,397.7,406.07142857142856,23.90660398897032,394.8716666666667,33.98432621313694
2025-11-25,390.1,0,0,1,0,11,329,48,399.0,378.2,355.3,378.05,406.8428571428571,23.52111513390878,394.915,33.988885480505
2025-11-26,391.6,0,0,2,0,11,330,48,390.1,436.9,391.3,358.4,408.54285714285714,21.444257750640876,395.31666666666666,33.85364120723933
2025-11-27,415.0,0,0,3,0,11,331,48,391.6,399.7,372.8,363.7,402.07142857142856,18.022736962481442,396.4233333333333,33.14036691921527
2025-11-28,395.6,0,0,4,0,11,332,48,415.0,380.6,376.7,367.3,404.25714285714287,18.605541929111666,398.1333333333333,32.71443141777792
2025-11-29,428.2,0,0,5,1,11,333,48,395.6,427.7,431.1,378.8,406.4,16.125239016308257,399.07666666666665,32.198636545703124
2025-11-30,401.9,0,0,6,1,11,334,48,428.2,425.8,476.7,368.8,406.4714285714286,16.236041624077718,400.72333333333336,32.38853227592286
2025-12-01,381.6,0,0,0,0,12,335,49,401.9,399.0,393.6,438.7,403.0571428571428,13.82845582398609,401.8266666666667,31.82238350523127
2025-12-02,424.9,0,0,1,0,12,336,49,381.6,390.1,378.2,401.7,400.57142857142856,16.06266004181118,399.92333333333335,31.24323577367085
2025-12-03,411.6,0,0,2,0,12,337,49,424.9,391.6,436.9,388.1,405.5428571428571,17.593924817275095,400.69666666666666,31.574099854298087
2025-12-04,390.4,0,0,3,0,12,338,49,411.6,415.0,399.7,368.1,408.40000000000003,16.544989170936255,401.4800000000001,31.542302192233823
2025-12-05,399.5,0,0,4,0,12,339,49,390.4,395.6,380.6,389.6,404.88571428571424,17.494801949088625,402.22333333333336,30.98640061363207
2025-12-06,419.4,0,0,5,1,12,340,49,399.5,428.2,427.7,367.1,405.4428571428571,17.209576514524187,402.55333333333334,30.899924487502005
2025-12-07,399.75,1,0,6,1,12,341,49,419.4,401.9,425.8,351.2,404.18571428571425,15.507356165311895,404.2966666666667,30.300250179157498
2025-12-08,380.1,0,0,0,0,12,342,50,399.75,381.6,399.0,422.4,403.87857142857143,15.58128838122156,405.915,28.616305787025453
2025-12-09,386.0,0,0,1,0,12,343,50,380.1,424.9,390.1,484.0,403.66428571428565,15.944819281023687,404.505,28.817446673128668
2025-12-10,383.0,0,0,2,0,12,344,50,386.0,411.6,391.6,376.1,398.10714285714283,13.966162338879878,401.23833333333334,24.764935177944803
2025-12-11,405.9,0,0,3,0,12,345,50,383.0,390.4,415.0,355.3,394.02142857142854,13.537843782725512,401.46833333333336,24.5545644444666
2025-12-12,400.1,0,0,4,0,12,346,50,405.9,399.5,395.6,391.3,396.2357142857143,14.102621336871701,403.155,22.959973980220596
2025-12-13,449.5,0,0,5,1,12,347,50,400.1,419.4,428.2,372.8,396.32142857142856,14.127569298555024,403.4483333333334,22.85928651303559
2025-12-14,437.1,0,0,6,1,12,348,50,449.5,399.75,401.9,376.7,400.62142857142857,23.676427397001117,406.005,23.59076510577511
2025-12-15,401.4,0,0,0,0,12,349,51,437.1,380.1,381.6,431.1,405.9571428571429,27.36809926068298,408.0183333333334,23.580904326394485
2025-12-16,402.8,0,0,1,0,12,350,51,401.4,386.0,424.9,476.7,409.0,25.1045812552158,407.02833333333336,23.198802300138567
2025-12-17,411.6,0,0,2,0,12,351,51,402.8,383.0,411.6,393.6,411.40000000000003,23.275738441555983,404.56499999999994,19.108623933205745
2025-12-18,385.1,0,0,3,0,12,352,51,411.6,405.9,390.4,378.2,415.4857142857143,19.69428246736803,405.165,19.034909626335313
2025-12-19,482.2,1,0,4,0,12,353,51,385.1,400.1,399.5,436.9,412.5142857142858,22.71852610912849,405.39500000000004,18.73721334118544
2025-12-20,435.9,0,0,5,1,12,354,51,482.2,449.5,419.4,399.7,424.2428571428572,33.753659413598704,406.905,22.757682863383515
2025-12-21,404.7,0,0,6,1,12,355,51,435.9,437.1,399.75,380.6,422.30000000000007,32.422728653415874,408.1116666666667,23.315355615372024
2025-12-22,482.3,1,0,0,0,12,356,52,404.7,401.4,380.1,427.7,417.6714285714285,32.27009525270663,408.91499999999996,22.74290776150384
2025-12-23,370.0,0,0,1,0,12,357,52,482.3,402.8,386.0,425.8,429.22857142857146,39.211550776338846,410.735,26.21730525488046
2025-12-24,383.3,0,0,2,0,12,358,52,370.0,411.6,383.0,399.0,424.54285714285714,44.499320487050355,408.875,27.07694257048814
2025-12-25,444.3,0,1,3,0,12,359,52,383.3,385.1,405.9,390.1,420.5,47.081808234883795,408.35166666666663,27.42388363595055
2025-12-26,442.4,1,0,4,0,12,360,52,444.3,482.2,400.1,391.6,428.95714285714286,44.93105300133984,410.15833333333336,27.960101139787078
2025-12-27,431.9,0,0,5,1,12,361,52,442.4,435.9,449.5,415.0,423.2714285714286,39.22672194162308,411.8516666666667,28.333203633915392
2025-12-28,489.2,1,0,6,1,12,362,52,431.9,404.7,437.1,395.6,422.69999999999993,39.04079063406675,412.415,28.56501703615559
2025-12-29,414.7,0,0,0,0,12,363,1,489.2,482.3,401.4,428.2,434.7714285714286,45.13556300323196,415.53499999999997,31.61405500940886
2025-12-30,396.2,0,0,1,0,12,364,1,414.7,370.0,402.8,401.9,425.1142857142857,40.2376038290609,415.085,31.52351380182405
